id,firstName,lastName,birthdate
1001,Stone,Barrett,19-10-64 14:11
1002,Raymond,Pace,11-12-77 21:44
1003,Armando,Logan,25-12-86 11:54
1004,Latifah,Barnett,24-07-59 6:00
1005,Cassandra,Moses,14-09-56 6:49
1006,Audra,Hopkins,30-08-84 4:18
1007,Upton,Morrow,04-02-73 5:26
1008,Melodie,Velasquez,26-04-53 11:16
1009,Sybill,Nolan,24-06-51 14:56
1010,Glenna,Little,27-08-53 13:15
1011,Ingrid,Jackson,05-09-57 21:36
1012,Duncan,Castaneda,21-01-79 18:31
1013,Xaviera,Gillespie,18-07-65 15:05
1014,Rhoda,Lancaster,11-09-90 15:52
1015,Fatima,Combs,01-06-79 6:58
1016,Merrill,Hopkins,02-07-90 17:36
1017,Felicia,Vinson,19-12-59 20:23
1018,Hanae,Harvey,27-12-84 10:36
1019,Ramona,Acosta,23-06-62 20:03
1020,Katelyn,Hammond,12-11-88 19:05
1021,Rosalyn,Simon,25-02-82 9:30
1022,Alea,Barron,23-06-59 5:10
1023,Raymond,Knox,16-07-79 19:41
1024,Hu,Franks,17-12-88 15:30
1025,Damon,Holman,29-01-64 1:08
1026,Ori,Nunez,05-06-58 16:18
1027,Sasha,Carey,12-01-76 22:22
1028,Sarah,Mullins,20-11-86 4:25
1029,Hammett,Buck,01-06-82 10:46
1030,Melissa,Parrish,14-08-63 9:17
1031,Daquan,Craig,17-06-77 22:11
1032,Keane,Rose,23-09-58 7:34
1033,Erich,Joyce,27-10-74 5:59
1034,Iliana,Atkinson,28-01-67 16:12
1035,Dawn,Fulton,30-07-60 21:30
1036,Anjolie,Gay,17-02-72 17:51
1037,Tanya,Crosby,04-09-71 15:04
1038,Dacey,Hinton,26-07-89 12:19
1039,Carl,Monroe,12-10-57 0:15
1040,Derek,Bush,27-02-73 10:37
1041,Lucian,Shannon,29-06-54 18:27
1042,Jorden,Gilliam,25-06-89 4:19
1043,Arden,Buckner,21-01-76 3:48
1044,Kenneth,Marquez,30-07-54 4:41
1045,Kitra,Becker,26-07-52 19:03
1046,Jin,Greer,03-11-78 18:16
1047,Jaden,Suarez,29-02-56 6:45
1048,Sylvia,Nielsen,16-07-78 4:40
1049,Mona,Osborn,17-04-68 9:18
1050,Lyle,Lawson,06-05-76 21:51
1051,Asher,Frazier,17-11-58 5:06
1052,Brynne,Mcdonald,24-12-77 23:08
1053,Ahmed,Holt,07-09-70 12:19
1054,Iola,Thornton,23-04-61 21:57
1055,Quynn,Villarreal,21-07-72 21:12
1056,Althea,Black,03-07-82 15:01
1057,Elmo,Rowland,25-07-79 17:15
1058,Remedios,Pollard,03-07-62 12:36
1059,Kaitlin,Trujillo,17-01-85 22:26
1060,Stewart,Frederick,20-04-79 11:40
1061,Blythe,Payne,20-08-74 13:59
1062,Nyssa,Chang,27-05-75 20:02
1063,Mariam,Sanders,26-03-85 14:43
1064,Orson,Mendez,19-02-61 8:35
1065,Marshall,Kidd,06-05-80 4:26
1066,Giacomo,Tate,12-12-80 22:58
1067,Mollie,Gilliam,21-02-66 3:27
1068,Holly,Paul,12-11-66 10:26
1069,Dominic,Harmon,16-12-76 2:33
1070,Rooney,Hopper,21-06-56 23:05
1071,Shay,Craft,18-12-59 11:54
1072,Nicholas,Melendez,02-03-62 6:52
1073,Addison,Kaufman,11-07-85 23:35
1074,Anastasia,Frederick,05-06-55 11:14
1075,Mary,Benson,24-03-56 7:08
1076,Garrett,Conner,30-11-55 0:08
1077,Kendall,Fitzgerald,13-08-54 21:41
1078,Juliet,Montoya,01-11-64 5:08
1079,Olivia,Marsh,09-10-75 23:14
1080,Daquan,Bennett,25-12-56 22:39
1081,Leroy,Sandoval,08-02-63 4:45
1082,Sonia,Figueroa,17-01-76 18:33
1083,Emerald,Baxter,04-05-78 5:52
1084,Reed,Cobb,21-08-74 10:54
1085,Bertha,Lowe,23-09-52 2:59
1086,Dennis,Wright,27-12-86 22:56
1087,Declan,Buck,25-02-89 0:52
1088,Latifah,Richardson,27-03-52 18:58
1089,Rashad,Curry,19-04-86 5:55
1090,Carl,Cochran,13-01-83 0:11
1091,Levi,Mack,24-07-74 17:26
1092,Ella,Mooney,16-06-88 14:05
1093,Dara,Anthony,13-08-80 5:14
1094,Benedict,Paul,24-09-77 16:23
1095,Benjamin,Booker,10-08-62 22:39
1096,Pandora,Lee,16-05-86 4:25
1097,Hall,Hester,18-07-56 13:50
1098,Piper,Marks,10-09-64 19:19
1099,Rafael,Roman,24-01-62 22:13
1100,Alfonso,Flores,22-04-68 20:35
1101,Kyra,Macias,03-04-81 17:30
1102,Erica,Berger,19-07-65 18:21
1103,Kaitlin,Ellis,24-05-61 13:00
1104,Sonya,Nelson,27-06-70 15:10
1105,Graiden,Wynn,12-06-65 16:43
1106,Amethyst,Nunez,20-11-52 0:01
1107,Justine,Carlson,16-12-82 0:26
1108,Dennis,Molina,15-12-80 8:16
1109,Adena,Rosales,06-11-86 14:38
1110,Burke,Morrison,09-05-89 1:05
1111,Macon,Galloway,29-01-60 0:46
1112,Todd,Greer,29-09-52 10:48
1113,Aretha,Norton,13-06-72 9:20
1114,Zephania,Cortez,22-05-69 11:45
1115,Ishmael,Wolfe,28-12-78 16:16
1116,Todd,Day,12-10-53 20:13
1117,Gareth,Mckay,21-02-70 23:30
1118,Amir,Vargas,13-07-51 13:44
1119,Darius,Baker,26-11-54 23:32
1120,Rajah,Wise,07-05-60 8:38
1121,Avram,Walsh,05-07-76 17:49
1122,Hilel,Nieves,11-04-52 6:09
1123,Veda,Higgins,19-05-53 7:10
1124,Armando,Tran,13-11-87 14:59
1125,Nichole,Rowe,21-07-61 10:02
1126,Zephr,Warren,20-05-85 20:01
1127,Clayton,Thompson,09-11-80 3:05
1128,Clark,Underwood,15-11-82 1:53
1129,Daniel,Swanson,20-09-52 0:02
1130,Kathleen,Shannon,30-05-62 5:22
1131,Priscilla,Martin,28-10-52 21:23
1132,Skyler,Adkins,14-06-55 16:35
1133,Erica,Logan,03-11-55 17:55
1134,Damon,Wells,19-07-88 10:16
1135,Macaulay,Odonnell,21-05-71 23:55
1136,Ruby,Wilcox,09-04-56 7:47
1137,Hannah,Leach,13-08-90 9:14
1138,Mia,Downs,09-06-88 14:55
1139,Erasmus,Arnold,08-10-57 23:44
1140,Ivor,Ellis,08-12-87 2:57
1141,Ulla,Warren,28-01-56 18:06
1142,Meredith,Mcpherson,29-03-56 1:00
1143,Sebastian,Raymond,13-02-67 4:45
1144,Harrison,Rich,14-03-83 0:18
1145,Carissa,Huff,21-06-53 7:58
1146,Hedy,Campbell,25-04-57 9:37
1147,Dale,Conway,06-07-76 4:31
1148,Stella,Lloyd,08-08-61 0:18
1149,Jaden,Fisher,25-05-58 11:37
1150,Graham,Hess,21-08-81 15:21
1151,Stella,Joyce,09-09-87 11:09
1152,Aurora,Bridges,06-08-59 13:10
1153,Joelle,Church,16-11-51 22:32
1154,Ann,Preston,08-12-89 7:15
1155,Yuri,Crawford,21-07-61 11:52
1156,Tyler,Gibbs,27-07-67 2:18
1157,Lila,Middleton,25-01-85 11:53
1158,Victor,Flynn,11-04-90 11:20
1159,Oprah,Marquez,31-10-87 0:31
1160,Ethan,Carey,13-05-77 10:58
1161,Price,Cervantes,02-02-76 9:18
1162,Elliott,Richmond,29-01-86 9:33
1163,Gregory,Taylor,18-07-81 12:50
1164,Dakota,Copeland,13-11-62 16:22
1165,Cody,Guzman,16-12-75 16:50
1166,Arden,Bass,05-09-61 21:53
1167,Aristotle,Montoya,05-10-83 16:50
1168,Vladimir,Ewing,28-04-66 9:16
1169,Laura,Murray,02-06-89 2:46
1170,Eliana,Mcgee,12-07-74 10:08
1171,Tanisha,Obrien,15-03-59 12:59
1172,Jackson,Mayo,11-09-87 6:56
1173,Maxwell,Sargent,06-09-59 14:31
1174,Teagan,Kent,17-03-67 19:03
1175,Lev,Hernandez,26-04-57 23:12
1176,Lars,Carr,01-11-53 7:29
1177,Wang,Koch,27-03-79 12:19
1178,Rigel,Edwards,20-08-74 1:55
1179,Olga,Flores,13-06-67 4:07
1180,Laura,Owen,20-11-53 4:34
1181,Scott,Bridges,10-09-82 19:45
1182,Bevis,Gentry,19-09-61 2:09
1183,Colleen,Frye,07-04-73 12:54
1184,Kendall,Hopper,28-12-77 18:49
1185,Uriah,Kennedy,17-07-55 17:19
1186,Ishmael,Ford,06-01-80 5:52
1187,Graiden,Hall,28-10-88 6:10
1188,Galvin,Nunez,29-04-68 11:29
1189,Zena,Shepherd,03-10-83 17:53
1190,Azalia,Preston,04-07-64 10:48
1191,Lila,Robinson,08-10-82 12:26
1192,Garth,Fuentes,13-08-88 18:07
1193,Emery,Kim,17-06-67 5:39
1194,Shea,Bean,03-01-90 5:46
1195,Logan,Mcclure,16-10-67 8:22
1196,Olympia,Espinoza,17-05-67 11:39
1197,Louis,William,08-06-67 0:04
1198,Dylan,Fulton,30-05-62 13:48
1199,Raphael,Armstrong,26-11-56 21:32
1200,Zoe,Nelson,12-01-73 17:19
1201,Vivian,Love,31-10-51 8:57
1202,Charde,Lang,23-02-67 12:24
1203,Jason,Powell,08-12-63 2:21
1204,Colleen,Terrell,27-04-80 7:30
1205,Cullen,Cardenas,13-02-66 19:55
1206,Avram,Leblanc,09-11-77 12:33
1207,Gray,Gentry,25-11-70 3:25
1208,Nehru,Brock,13-10-66 2:42
1209,Ulla,Stewart,13-12-88 13:23
1210,Azalia,Hines,19-09-54 6:32
1211,Chava,Frank,10-04-72 17:09
1212,Jamal,Coffey,08-03-85 9:36
1213,Abigail,Odonnell,27-12-89 6:08
1214,Lavinia,Hall,23-03-76 14:34
1215,Clark,Barrera,15-09-75 23:24
1216,Kennan,Donaldson,08-07-58 17:24
1217,Allegra,Rose,17-10-67 15:32
1218,Carson,Downs,13-06-55 13:29
1219,Carla,Owen,04-09-68 7:54
1220,Kenyon,Cox,04-05-55 18:24
1221,Brynne,Hull,23-07-51 17:34
1222,Yuri,Holman,29-12-84 7:09
1223,Lareina,Robinson,16-03-66 11:35
1224,Rylee,Pena,07-10-54 1:07
1225,Elmo,Wolfe,27-05-76 20:34
1226,Keith,Cash,29-08-85 20:11
1227,Deanna,Kelley,28-05-55 22:38
1228,Lane,Dickson,11-03-51 10:33
1229,Nicole,Avila,29-11-64 16:03
1230,Slade,Rodriquez,12-07-61 20:50
1231,Avye,Mills,28-07-56 5:11
1232,Colt,Calderon,22-04-56 13:04
1233,Jena,Mathis,02-06-74 22:02
1234,Uriel,Harris,21-12-54 5:53
1235,Keane,Hayden,20-10-60 19:07
1236,Leah,Peters,10-12-51 8:56
1237,Sydnee,Ferguson,08-07-58 0:41
1238,Ulysses,Reeves,02-06-80 16:14
1239,Sharon,Golden,01-04-51 17:30
1240,Frances,Sheppard,23-01-52 22:19
1241,Sierra,York,11-12-52 0:22
1242,Neve,Morin,28-06-89 16:33
1243,Darrel,Rowe,12-08-52 12:23
1244,Elliott,Gilliam,18-05-79 5:19
1245,Quin,Boyer,19-10-54 9:39
1246,September,Santana,02-10-54 1:41
1247,Carol,Church,01-08-52 8:00
1248,Edan,Wilkinson,30-11-85 8:37
1249,Jenna,Mcdowell,26-10-51 1:14
1250,Zahir,Hurley,26-08-66 19:21
1251,Colton,Huber,06-08-88 19:24
1252,Sean,Estrada,25-01-56 3:20
1253,Hedwig,Stokes,24-09-54 22:21
1254,Graiden,Mcguire,19-01-64 12:56
1255,Ira,Welch,16-10-78 2:26
1256,MacKenzie,Campos,04-06-64 11:56
1257,Wanda,Berry,11-02-78 6:20
1258,Hannah,Foreman,15-12-86 23:08
1259,Jessica,Hart,27-11-90 19:22
1260,Damon,Payne,21-01-72 20:24
1261,Madeline,Pitts,30-09-74 1:16
1262,Sybil,Walsh,18-01-60 16:50
1263,Scott,Allen,29-11-83 10:45
1264,Linda,Conley,12-09-59 7:34
1265,Allen,Rowe,04-11-89 1:35
1266,Giselle,Garrett,05-10-88 10:35
1267,Martha,Mack,12-08-76 22:11
1268,Lila,Fitzpatrick,03-06-63 3:12
1269,Ivana,Farley,28-12-57 21:24
1270,Grant,Anthony,27-10-76 1:22
1271,Belle,Landry,23-08-73 13:01
1272,Cameran,Garza,16-05-73 13:57
1273,Unity,Black,24-12-86 1:47
1274,Kaitlin,Herman,16-05-80 0:46
1275,Joel,Ware,09-11-54 20:54
1276,Brian,Wheeler,14-03-90 23:56
1277,Ocean,Pearson,29-01-59 11:48
1278,Imani,Sweeney,26-10-63 19:36
1279,Celeste,Spears,03-06-52 10:34
1280,Kirby,Barnes,25-09-64 5:29
1281,Rosalyn,Hart,10-02-72 12:50
1282,Donna,Mosley,18-10-85 3:54
1283,Suki,Barker,07-02-85 17:47
1284,Willow,Smith,25-07-72 0:51
1285,Leandra,Petersen,24-06-78 10:51
1286,Aspen,Larson,28-09-73 0:11
1287,Martha,Irwin,23-10-75 19:10
1288,Alexa,Castillo,21-01-57 20:16
1289,Halla,Mccoy,08-02-66 0:21
1290,Martena,Bryan,29-12-87 15:29
1291,Quynn,Jordan,13-09-87 5:25
1292,Quynn,Bridges,26-09-81 14:21
1293,Joshua,Bolton,21-06-53 12:18
1294,Stacey,Wynn,13-05-71 20:01
1295,Noble,Freeman,07-01-78 0:27
1296,Cyrus,Gomez,18-09-81 9:03
1297,Tyler,Burch,19-01-51 19:49
1298,Adrienne,Chapman,04-04-62 11:31
1299,Carissa,Mooney,05-01-84 16:59
1300,Christopher,Howe,21-11-60 16:01
1301,Clark,Gardner,18-12-66 3:29
1302,Dean,Cook,04-01-68 20:14
1303,Coby,Stevens,19-12-53 22:21
1304,Whitney,Terrell,27-04-74 16:45
1305,Yoshi,Strickland,20-02-57 22:57
1306,Rhoda,King,30-09-84 0:44
1307,Cheyenne,Avila,13-10-53 17:24
1308,Piper,Gray,21-01-79 5:58
1309,Jorden,Kirk,15-06-83 7:05
1310,Hilary,Robbins,11-06-58 6:12
1311,Zephr,Oneill,12-10-72 19:15
1312,Barry,Mercado,31-05-81 3:36
1313,April,Villarreal,02-01-77 7:31
1314,Kaseem,Blanchard,22-04-55 2:56
1315,Cathleen,Reed,16-09-69 8:45
1316,Mara,Maynard,17-02-85 0:08
1317,Nell,Jacobs,09-08-77 17:59
1318,Preston,Bass,22-02-56 12:08
1319,Mohammad,Robertson,18-05-52 2:47
1320,Rhiannon,Witt,09-03-56 10:59
1321,Bernard,Ashley,07-09-89 5:29
1322,Cole,Atkinson,11-03-58 21:30
1323,Adena,Ellis,12-01-80 7:39
1324,Carter,Whitley,07-08-68 16:47
1325,Rosalyn,Cotton,21-06-72 7:21
1326,Sloane,Curry,23-01-83 1:32
1327,Garrison,Moore,13-02-60 21:42
1328,Catherine,Cain,08-01-89 10:45
1329,Jerome,King,28-09-76 4:54
1330,Jared,Roberts,24-04-60 9:06
1331,Andrew,Mosley,10-11-76 3:57
1332,Xyla,Sears,19-10-86 4:58
1333,Nasim,Peck,04-12-79 17:46
1334,Walter,Fry,31-12-61 16:02
1335,Tatum,Blevins,05-10-64 13:19
1336,Elijah,Burgess,22-03-63 0:13
1337,Elton,Adkins,22-04-77 12:32
1338,Kenneth,Welch,17-06-62 14:01
1339,Florence,Mejia,12-08-55 1:30
1340,Arden,Moody,09-08-59 16:54
1341,Zenia,Rollins,13-12-68 21:07
1342,Lillith,Rosales,22-04-70 3:59
1343,Murphy,Glenn,23-09-69 1:50
1344,Caldwell,Gates,23-12-61 10:52
1345,Charles,Melendez,13-01-51 15:55
1346,Jaden,Gardner,12-10-73 10:34
1347,Oleg,Wilkins,15-01-56 11:44
1348,Charles,Mcgowan,09-01-51 9:18
1349,Whitney,Gould,25-05-61 7:49
1350,Macaulay,Rowe,13-03-77 8:36
1351,Sierra,Lawrence,28-07-81 3:27
1352,Charlotte,Townsend,07-04-79 18:56
1353,Lillian,Byers,09-09-87 18:46
1354,Ava,Randall,16-04-88 7:39
1355,Cally,Keller,08-11-71 22:27
1356,Giacomo,Britt,10-06-70 6:07
1357,Gabriel,Warner,05-12-69 9:06
1358,Solomon,Foreman,19-08-79 13:04
1359,Hermione,Gallagher,22-04-58 14:27
1360,Phoebe,Hinton,15-07-85 21:29
1361,Keiko,Dennis,20-12-53 11:09
1362,Herman,Carpenter,03-09-81 19:11
1363,Cecilia,Oneal,02-04-79 5:09
1364,Gwendolyn,Alford,02-11-63 19:49
1365,Jonas,Pratt,02-06-73 18:22
1366,Whitney,Newton,01-02-61 4:19
1367,Ralph,Stein,23-04-71 1:44
1368,Eve,Frederick,04-12-83 11:02
1369,Odysseus,Hess,13-04-82 19:04
1370,Mechelle,Richard,09-02-90 22:49
1371,Jesse,Torres,11-06-89 11:23
1372,Martha,Mclaughlin,17-06-82 17:24
1373,Emerald,Haynes,07-03-57 13:18
1374,Rigel,Barton,13-11-64 8:47
1375,Meredith,Simon,29-07-88 18:53
1376,Nevada,Shannon,22-04-80 14:33
1377,Casey,Delgado,17-11-57 17:15
1378,Xerxes,Herring,21-01-88 1:20
1379,Penelope,Blackburn,28-02-59 14:34
1380,Rooney,Swanson,15-09-63 16:47
1381,Lamar,Ramirez,03-09-64 8:55
1382,Linda,Lee,19-01-88 23:00
1383,Hanae,Johnson,21-06-52 1:03
1384,Zane,Long,16-11-64 15:41
1385,Aspen,Potter,11-10-60 11:53
1386,Samson,Nicholson,12-02-89 12:15
1387,Jael,Stuart,10-02-77 12:59
1388,Marny,Summers,08-02-59 8:38
1389,Lael,Schwartz,06-02-56 19:49
1390,Blythe,Baldwin,09-08-61 7:09
1391,Keegan,Pruitt,23-04-76 19:51
1392,Nathan,Patterson,27-01-67 1:04
1393,Garth,Calderon,12-04-61 0:28
1394,Flynn,Winters,30-09-88 4:04
1395,Dara,Morrison,22-12-79 22:26
1396,Ira,Wilkerson,06-03-73 19:18
1397,Angela,Ward,13-03-83 14:52
1398,Wilma,Collier,20-06-60 13:22
1399,Sandra,Kaufman,17-04-80 3:54
1400,Amelia,Osborn,09-05-72 9:21
1401,Gemma,Finch,25-09-89 23:00
1402,Orli,Slater,30-03-59 15:54
1403,Donovan,Beasley,18-06-86 14:50
1404,Dacey,Leblanc,22-05-80 6:13
1405,Rebekah,Edwards,24-12-61 14:30
1406,George,Reeves,14-12-65 18:49
1407,Hadley,Landry,13-12-78 14:29
1408,Cameran,Acevedo,18-10-57 19:29
1409,Ignacia,Medina,26-03-53 20:13
1410,Alvin,Johnson,24-07-88 23:41
1411,Aurora,Lucas,22-04-66 5:30
1412,Gretchen,Norman,04-12-68 18:40
1413,Inga,Roy,16-10-59 7:56
1414,Aquila,Thomas,18-02-86 21:28
1415,Boris,Boyd,27-01-59 0:42
1416,Channing,Petersen,09-01-53 20:16
1417,Wyoming,Meadows,29-11-60 13:32
1418,Veronica,Perkins,27-08-77 19:25
1419,David,Davidson,08-04-72 17:03
1420,Lillian,Carpenter,10-12-56 7:16
1421,Danielle,Luna,21-11-88 7:00
1422,Mia,Douglas,15-02-62 8:04
1423,Micah,Galloway,27-05-75 1:19
1424,Tad,Reynolds,10-09-87 23:35
1425,Troy,David,26-01-85 0:52
1426,Ila,Ashley,27-08-60 13:46
1427,Kelly,Meadows,02-01-65 10:04
1428,Walter,Pugh,09-12-80 20:58
1429,Lucius,Battle,12-04-83 20:04
1430,Florence,Stark,19-06-63 14:35
1431,Priscilla,Gregory,26-10-86 3:49
1432,Joseph,Dickerson,04-03-85 5:19
1433,Kellie,Slater,06-12-79 20:39
1434,Hayden,Olson,01-12-63 7:50
1435,Xanthus,Raymond,21-01-76 7:51
1436,Shannon,Lynn,17-06-67 18:12
1437,Kato,Sosa,21-10-87 10:51
1438,Molly,Juarez,29-11-59 9:38
1439,Hermione,Buchanan,20-11-53 0:21
1440,Kevyn,Ellis,21-08-83 10:46
1441,Paloma,Riddle,21-05-89 20:41
1442,Tiger,Gallegos,11-05-52 21:51
1443,Willow,Morgan,28-04-66 8:55
1444,Stephen,Smith,17-11-82 6:17
1445,Curran,Mueller,09-07-62 17:40
1446,Cathleen,Melendez,06-04-69 5:09
1447,Vaughan,Cunningham,13-06-70 15:31
1448,Grace,Kane,01-06-79 18:41
1449,Ebony,Sweet,07-03-80 20:43
1450,Scott,Burt,15-12-75 23:57
1451,Britanney,Lancaster,19-07-79 11:46
1452,Lane,Christensen,17-09-64 14:14
1453,Hyacinth,Orr,07-05-59 3:50
1454,Cailin,Craig,17-08-75 16:07
1455,Craig,Dean,01-04-66 8:24
1456,Julian,Lee,16-08-51 8:28
1457,Yoko,Burt,08-02-61 23:25
1458,Aurora,Zamora,31-05-53 1:54
1459,Ulric,Lee,09-02-59 8:14
1460,Lucius,Holmes,20-04-78 0:41
1461,Eve,Mcconnell,08-08-81 6:42
1462,Donovan,Odonnell,29-06-76 1:18
1463,Idona,Ortiz,14-08-72 0:19
1464,Mona,Cantrell,19-06-70 17:59
1465,Dennis,Gregory,08-11-68 11:54
1466,Beau,Weaver,23-07-77 8:10
1467,Willow,Santos,29-05-89 21:41
1468,Alisa,Jarvis,31-08-72 20:37
1469,Veronica,Patterson,21-05-84 6:24
1470,Martin,Sosa,23-03-59 17:42
1471,Clinton,Gaines,23-10-85 16:49
1472,Darryl,Madden,27-11-55 23:50
1473,Len,Morse,15-11-68 2:29
1474,Axel,Malone,15-08-88 1:13
1475,Rebecca,Rasmussen,14-09-90 8:46
1476,McKenzie,Acosta,02-04-72 7:24
1477,Russell,Sampson,17-03-80 13:48
1478,Emi,Cameron,25-01-70 13:09
1479,Merritt,Scott,20-12-71 20:10
1480,Rafael,Todd,09-02-76 11:41
1481,Ronan,Potter,13-10-88 20:46
1482,Jerome,Adams,23-03-65 22:41
1483,Daryl,Mcintosh,01-07-80 7:22
1484,Zoe,Johnson,14-08-65 15:51
1485,Cyrus,Fulton,26-04-62 23:22
1486,Xaviera,Poole,14-03-77 7:16
1487,Alfonso,Kinney,27-03-74 12:18
1488,Yolanda,Walls,04-01-85 23:51
1489,Uta,Wallace,20-05-81 12:03
1490,Alexis,Foster,18-01-67 9:15
1491,Sybil,Kim,19-05-83 2:06
1492,Nomlanga,Mccormick,23-02-88 9:59
1493,Marshall,Bray,16-08-58 0:34
1494,Uriah,Cole,18-02-65 5:15
1495,Wesley,Stokes,15-07-80 11:00
1496,Kennedy,Payne,18-02-56 10:51
1497,April,Gibbs,14-10-65 4:00
1498,Alec,Mccarthy,06-10-68 14:55
1499,Philip,Koch,04-07-67 22:59
1500,Reuben,Simmons,20-09-56 14:09
1501,Kelly,Ashley,13-05-87 17:33
1502,Chadwick,Salazar,11-05-63 15:00
1503,Justine,Warren,01-03-80 8:16
1504,Elizabeth,Meyer,20-02-60 9:49
1505,Elvis,Berger,22-03-68 14:43
1506,Miranda,Bird,01-11-86 16:11
1507,Leila,Pearson,04-09-82 3:46
1508,Willow,Dixon,09-07-69 6:00
1509,Jade,Graham,04-06-81 22:52
1510,Abigail,Sexton,20-12-68 2:09
1511,Quail,Zimmerman,13-02-84 8:03
1512,Martena,Bruce,30-04-83 21:07
1513,Moses,Boyer,02-12-68 15:47
1514,Meghan,Zamora,10-07-61 6:20
1515,Whoopi,Battle,03-11-84 17:24
1516,Darryl,Mejia,31-10-82 18:06
1517,Dorothy,Sawyer,19-07-90 8:09
1518,Ashton,Bond,03-03-60 8:41
1519,Cassandra,Mcmillan,21-09-57 19:49
1520,Martin,Rios,03-01-58 18:40
1521,Cedric,Christensen,20-11-76 10:20
1522,Marny,Coleman,07-05-66 18:01
1523,Ina,Barton,03-06-70 15:14
1524,Keiko,Sloan,10-02-81 21:54
1525,Reese,Whitehead,06-05-73 2:38
1526,Dana,Vang,30-04-58 13:14
1527,Nathaniel,Stevens,30-10-63 7:24
1528,Lucius,Wells,18-01-61 12:54
1529,Glenna,Boyer,30-03-54 1:12
1530,Finn,Short,30-08-64 3:07
1531,Barrett,Conley,09-08-89 13:42
1532,Susan,Vinson,24-01-81 4:41
1533,Carly,Riley,22-11-61 14:55
1534,Hilel,Dudley,26-08-61 20:40
1535,Yvonne,Ashley,04-03-72 23:55
1536,Karina,Berg,25-03-61 4:58
1537,Shana,Huber,30-09-52 6:15
1538,Walter,Benson,25-05-86 8:46
1539,Mark,Howe,27-01-85 14:15
1540,Hammett,Hammond,05-04-90 11:31
1541,Zenaida,Rutledge,18-02-86 3:00
1542,Richard,Kinney,18-04-80 2:50
1543,Jocelyn,Shepherd,22-04-83 5:01
1544,Sacha,Frank,16-05-82 14:12
1545,Sloane,Walton,22-04-58 1:19
1546,Bree,Cooper,11-07-81 10:17
1547,Yoshio,Alvarado,27-11-68 16:51
1548,Lamar,Knight,26-12-62 8:24
1549,Kirestin,Mayer,20-03-61 10:17
1550,Reese,Mayer,04-08-88 14:04
1551,Victoria,Reynolds,31-12-72 19:50
1552,Unity,Flores,16-02-88 0:14
1553,Tatiana,Tanner,08-04-82 5:56
1554,Emily,Estes,05-11-63 20:45
1555,Brent,Munoz,25-01-86 18:41
1556,Jordan,Sanchez,20-07-87 21:51
1557,Arthur,Whitaker,18-04-90 6:31
1558,Driscoll,Shepard,04-10-80 3:39
1559,Deirdre,Berg,28-06-89 2:37
1560,Fredericka,Buckley,06-03-87 11:40
1561,Katelyn,Cooke,06-02-57 0:05
1562,Otto,Rose,15-05-74 3:45
1563,Jaime,Zimmerman,23-04-60 9:31
1564,Hiroko,Callahan,16-05-72 17:33
1565,Allen,Acosta,22-09-68 9:31
1566,Taylor,Maldonado,05-12-73 4:37
1567,Kareem,Bowen,06-05-68 6:06
1568,Jonah,Hayden,18-05-51 11:04
1569,Bruno,Dickson,26-04-75 22:01
1570,Shelley,Pollard,23-12-87 23:32
1571,Baxter,Estrada,22-02-68 13:21
1572,Daryl,Olson,20-04-61 13:07
1573,Ainsley,Nieves,19-06-62 19:43
1574,Allen,Arnold,05-09-70 3:12
1575,Wade,Vargas,22-05-69 6:31
1576,Palmer,Pate,04-07-85 11:59
1577,Lysandra,Foster,12-10-60 19:26
1578,Hilary,Jordan,18-02-58 1:43
1579,Leah,Douglas,02-07-85 1:26
1580,Kim,Graham,25-08-80 2:27
1581,Ivor,Stein,13-07-63 19:36
1582,Yael,Nicholson,13-11-90 22:06
1583,Cynthia,Wilkinson,08-11-52 3:58
1584,Lavinia,Alvarez,05-11-81 20:33
1585,Raya,Harris,15-10-68 12:39
1586,Ivana,Bradshaw,20-01-79 20:44
1587,Stephanie,Rosario,06-04-64 10:30
1588,Deborah,Madden,02-02-82 3:13
1589,Anne,Moses,30-10-85 1:54
1590,Beverly,Dunn,03-02-84 13:01
1591,Dalton,Mcfadden,24-11-61 15:17
1592,Sasha,Erickson,19-09-56 13:20
1593,Teegan,Walker,07-08-58 12:11
1594,Amelia,Church,04-08-90 17:44
1595,Brenna,Cantrell,23-10-53 2:28
1596,Jackson,Montoya,22-10-56 2:02
1597,Blaze,Horton,06-12-68 22:22
1598,Amber,Workman,21-10-72 4:17
1599,Azalia,Bradshaw,19-12-82 10:22
1600,Zelenia,Henson,03-07-82 3:28
1601,Thomas,Mathews,21-11-54 20:34
1602,Kevyn,Whitney,21-09-84 6:24
1603,Marny,Leon,10-06-84 21:32
1604,Jarrod,Gay,22-06-60 19:11
1605,Chastity,Wyatt,14-08-75 20:03
1606,Remedios,Shannon,19-10-67 8:11
1607,Martina,Valenzuela,11-11-89 1:03
1608,Ulla,Mcdaniel,18-05-56 21:36
1609,Flavia,Chen,24-01-76 5:26
1610,Sydnee,Martinez,22-01-79 22:51
1611,Adara,Hodges,13-12-54 15:14
1612,Martin,Patrick,08-08-65 8:37
1613,Carla,Mejia,26-09-83 12:58
1614,Alea,Sellers,15-05-57 20:53
1615,Maite,Ellison,20-11-89 15:49
1616,Alan,Curtis,21-10-72 20:27
1617,Kiona,Donaldson,25-01-90 7:52
1618,Octavius,Hester,19-07-90 6:33
1619,Yvonne,Dudley,19-12-77 13:42
1620,Kieran,Vargas,30-12-61 18:31
1621,Selma,Lucas,23-01-82 20:45
1622,Burton,Barnett,08-08-79 9:12
1623,Kaitlin,Malone,21-05-90 19:26
1624,Madison,Blackwell,16-10-66 8:01
1625,Erich,Browning,11-08-54 19:58
1626,Joshua,Mills,02-04-74 15:36
1627,Eliana,Downs,12-01-74 1:10
1628,Giacomo,Saunders,28-08-60 11:33
1629,Donna,Carey,14-12-58 9:04
1630,Cedric,Pennington,11-06-90 10:38
1631,Xantha,Mckee,10-09-58 1:35
1632,Rhona,Strickland,05-10-87 13:28
1633,Beverly,Sharp,26-05-87 8:24
1634,Cailin,Kim,29-03-75 20:03
1635,Tanek,Graves,17-10-67 0:33
1636,Quinn,Guthrie,23-02-63 5:06
1637,Declan,Church,16-11-63 20:47
1638,Lysandra,Cunningham,12-04-64 21:09
1639,Allistair,Lawson,10-04-63 8:24
1640,Rylee,Haynes,04-02-58 15:37
1641,Neve,Myers,14-02-51 21:46
1642,Kevin,Deleon,29-11-57 21:05
1643,Wallace,Ochoa,26-10-59 15:42
1644,Patience,Dawson,22-07-72 15:45
1645,Carla,Burch,12-03-63 3:30
1646,Fallon,Mcintosh,18-03-60 10:41
1647,Stephen,Figueroa,28-03-66 20:30
1648,Katell,Sanders,23-10-90 12:03
1649,Tyler,Dillard,09-02-57 4:30
1650,Kessie,Waller,14-03-75 8:05
1651,Stewart,Mason,25-10-82 13:20
1652,Kitra,Pittman,14-01-60 20:50
1653,Ivor,Gordon,12-11-53 15:03
1654,Dane,Le,26-09-56 4:48
1655,Silas,Delaney,24-12-50 19:40
1656,Avram,Chambers,21-01-89 18:19
1657,Joan,Banks,24-04-66 15:45
1658,Kennan,Small,20-08-86 13:24
1659,Sebastian,Mcintyre,25-05-60 13:13
1660,Armand,Moon,11-05-84 16:17
1661,Edward,Ortega,24-08-57 8:23
1662,Donovan,Burris,18-07-61 9:00
1663,Aurora,Velez,08-05-73 17:00
1664,Cailin,Ferrell,13-08-59 10:02
1665,Cade,Thomas,11-12-84 21:44
1666,Shoshana,Le,28-08-57 11:58
1667,Maggy,Hartman,26-08-55 12:26
1668,Bradley,Talley,11-12-65 15:08
1669,Carlos,Gonzales,10-12-63 17:43
1670,Julian,Jensen,18-10-82 9:25
1671,Colby,Rogers,28-08-90 13:02
1672,Allegra,Neal,01-07-88 4:45
1673,Melinda,Quinn,02-02-79 10:07
1674,Wayne,Mendez,20-01-83 16:51
1675,Vivian,Massey,17-06-80 20:14
1676,Gary,Berger,02-08-80 4:40
1677,Seth,Jensen,22-12-70 10:36
1678,Noble,Reese,25-11-59 21:09
1679,Yeo,Byrd,02-09-67 5:38
1680,Ingrid,Leach,08-04-54 19:40
1681,Vaughan,Frazier,27-08-72 14:23
1682,Ima,Howe,20-02-55 9:13
1683,Kaitlin,Wall,08-05-61 19:34
1684,Nichole,Schmidt,22-12-86 8:49
1685,Lesley,Roy,20-07-58 14:58
1686,Tyler,Pierce,06-03-69 1:37
1687,Branden,Carver,12-02-73 11:55
1688,Kerry,Miranda,07-01-61 13:47
1689,Ariel,Cruz,05-04-73 16:12
1690,Thor,Sykes,31-10-76 1:03
1691,Quincy,Garza,15-07-85 15:26
1692,Whilemina,Cabrera,10-04-78 12:36
1693,Zia,Dean,09-09-81 13:10
1694,Quemby,Thompson,12-11-58 15:39
1695,Francis,Patton,03-01-80 8:05
1696,Janna,Moran,17-06-60 14:14
1697,Joelle,Craig,19-02-81 13:01
1698,Castor,Harrington,26-04-85 23:04
1699,Bell,Hunt,17-11-51 15:34
1700,Hall,Clarke,29-01-87 20:34
1701,Wade,Moore,06-09-70 6:54
1702,Jana,Bennett,28-04-78 13:24
1703,Winter,Beard,17-02-63 10:14
1704,Melanie,Willis,08-08-66 2:57
1705,Meghan,Graves,23-12-50 5:10
1706,Byron,Flores,07-03-77 15:01
1707,Shaeleigh,Schroeder,26-12-78 7:18
1708,Noelani,Woods,26-12-81 4:03
1709,Kristen,Humphrey,13-11-54 19:34
1710,Quon,Franklin,05-04-88 5:08
1711,Hedwig,Wiley,08-09-77 9:55
1712,Brock,Bishop,25-11-57 18:08
1713,Lisandra,Weiss,13-10-79 10:55
1714,Reed,Myers,27-10-57 14:35
1715,Rhonda,Kent,23-11-79 6:12
1716,Moana,Cote,13-03-81 20:36
1717,Isadora,Wilson,13-08-80 0:05
1718,Sonia,Ramsey,20-06-72 12:58
1719,Keegan,Warren,10-01-66 7:26
1720,Asher,Bailey,17-07-88 19:54
1721,Prescott,Holcomb,21-12-76 21:05
1722,Rafael,Watson,10-02-64 8:11
1723,Xenos,Dawson,14-09-79 23:13
1724,Xaviera,Avila,07-07-65 7:53
1725,Latifah,Vincent,03-07-87 23:04
1726,Amena,Harrison,22-06-72 16:31
1727,Tatiana,Vincent,10-07-58 17:32
1728,Jelani,Hansen,09-12-64 11:46
1729,Pascale,Blevins,20-12-62 14:25
1730,Zeph,Powell,06-09-68 18:38
1731,Laith,Guthrie,08-02-61 3:54
1732,Bevis,Skinner,04-09-78 17:54
1733,Jonah,Mullins,30-09-55 8:53
1734,Lynn,Middleton,29-10-90 4:53
1735,Tashya,Hanson,16-08-60 15:36
1736,Noelani,Bridges,13-07-82 15:03
1737,Bruno,Sherman,18-02-85 21:18
1738,Risa,Weiss,29-05-75 4:57
1739,Stacy,Wynn,21-11-69 16:53
1740,Justine,Cantrell,01-07-51 12:36
1741,Myra,Suarez,23-10-60 1:28
1742,Castor,Ball,19-07-74 21:04
1743,Bradley,Hurley,13-11-85 6:45
1744,Cameran,Rogers,27-04-85 20:40
1745,Helen,Woods,29-08-87 1:16
1746,Cooper,Edwards,11-03-71 16:56
1747,Alec,Finley,08-02-80 6:03
1748,Kylan,Adams,05-06-70 4:24
1749,Kelsey,Coffey,30-03-70 6:52
1750,Willa,Howard,19-04-87 3:06
1751,Shea,Fernandez,29-08-90 0:59
1752,Rinah,Christian,28-09-58 22:49
1753,Todd,Wolfe,10-08-68 22:01
1754,Nora,Wallace,10-10-78 17:04
1755,Lewis,Joseph,29-06-64 14:27
1756,Charles,Duffy,06-09-61 8:41
1757,Grady,Barlow,28-03-78 4:39
1758,Petra,Horne,07-05-75 0:04
1759,Wesley,Clements,12-02-82 22:02
1760,Arsenio,Frost,23-09-79 23:47
1761,Wylie,Whitley,27-06-51 2:01
1762,Kendall,Baird,04-09-65 1:04
1763,Jacob,Cannon,26-07-54 4:15
1764,Ciaran,Pierce,05-04-72 2:59
1765,Chester,Brock,02-11-66 4:45
1766,Lance,Collier,13-03-89 8:43
1767,Justin,Terrell,21-10-62 3:51
1768,Chancellor,Merrill,02-08-83 2:09
1769,Juliet,Conley,30-01-55 21:06
1770,Karyn,Humphrey,24-01-85 10:05
1771,Scarlett,Stuart,14-11-56 17:47
1772,Jakeem,Morrow,21-03-58 8:22
1773,Vivian,Harmon,29-05-57 4:51
1774,Jolie,Jimenez,01-08-88 2:44
1775,Nissim,Graham,04-03-78 20:23
1776,Ronan,Sweeney,21-07-51 15:09
1777,Ruth,Sellers,13-07-67 8:07
1778,Kyra,Dorsey,28-11-52 6:20
1779,Meghan,Wiley,21-07-51 18:17
1780,Martena,Baird,26-09-86 13:33
1781,Julie,Morgan,02-02-72 3:09
1782,Leslie,Mcdaniel,31-07-74 14:52
1783,Lucius,Wright,23-05-65 22:09
1784,Leilani,Blair,02-03-64 7:00
1785,Neve,Hyde,21-03-66 10:15
1786,Cheyenne,Scott,31-10-66 16:14
1787,Daquan,Sheppard,02-07-79 17:06
1788,Calista,Brown,26-08-86 19:33
1789,Phoebe,Paul,27-05-75 16:57
1790,Neve,Porter,30-09-71 9:10
1791,Geraldine,Burns,06-12-79 9:59
1792,Sophia,Ramsey,14-06-64 11:38
1793,Cedric,Miles,07-11-66 11:15
1794,Dorian,Murray,24-09-69 12:54
1795,Autumn,Patterson,04-04-74 12:34
1796,Maxwell,Miles,25-03-72 9:17
1797,Reese,Maynard,07-04-87 13:55
1798,Sybill,Powers,09-02-53 13:37
1799,Lawrence,Lawson,30-06-64 2:35
1800,Imogene,Lee,19-10-66 17:53
1801,Mira,Franks,08-03-64 9:47
1802,Silas,Dixon,11-04-53 1:37
1803,Paloma,Daniels,14-06-62 17:01
1804,Dillon,Kirby,16-09-84 1:47
1805,Jarrod,Morris,21-12-74 0:36
1806,Quintessa,Leon,05-01-52 20:52
1807,Lucas,Short,09-07-73 11:31
1808,Karly,Buck,08-07-86 10:57
1809,Jacqueline,Alexander,25-09-83 8:52
1810,Brock,Norris,13-11-75 7:18
1811,Jaden,Summers,12-10-60 17:19
1812,Buffy,Freeman,20-01-76 2:22
1813,Reed,Hardy,05-12-86 12:09
1814,Olivia,Riddle,13-06-76 4:16
1815,Aimee,Beck,07-11-61 3:37
1816,Iola,Prince,01-02-60 19:43
1817,Camilla,Copeland,28-11-85 6:36
1818,Gloria,Berg,10-12-69 18:14
1819,Rinah,Brennan,03-03-55 1:42
1820,Emery,Aguirre,18-11-53 14:27
1821,Desiree,Miller,02-12-79 16:28
1822,Pamela,Maxwell,05-08-58 0:41
1823,Odessa,Lambert,21-12-51 19:52
1824,Tanek,Workman,04-07-58 9:27
1825,Gareth,West,29-01-86 16:13
1826,Vielka,Browning,28-07-88 10:27
1827,September,Norton,08-11-83 8:01
1828,Lavinia,Olsen,03-01-86 6:56
1829,Stone,Higgins,12-03-70 2:59
1830,Lucas,Torres,26-03-81 22:48
1831,Yen,Cruz,12-05-58 20:58
1832,Nadine,Cannon,18-03-77 7:53
1833,Mikayla,Johnson,27-01-57 14:57
1834,Logan,Brewer,13-11-74 10:55
1835,Ella,Carson,16-03-78 7:19
1836,Zia,Gaines,13-09-88 11:56
1837,Mason,Mccray,05-05-66 20:01
1838,Jeanette,Gill,01-01-70 7:30
1839,Dana,Hickman,16-05-87 3:14
1840,Barrett,Erickson,31-05-73 23:04
1841,Leilani,Kelley,31-10-78 5:41
1842,Sade,Boyle,12-09-62 20:31
1843,Gillian,Sanchez,13-11-69 5:41
1844,Brynne,Gutierrez,23-08-82 17:12
1845,Clare,Potter,20-01-59 20:08
1846,Flavia,Hobbs,22-01-56 10:01
1847,Thaddeus,Osborn,19-09-75 4:22
1848,Herrod,Noble,13-11-76 13:47
1849,Brendan,Gibbs,15-06-55 20:21
1850,Ulla,Campbell,11-09-65 9:28
1851,Aiko,Mcguire,20-12-74 18:12
1852,Burton,Jordan,02-09-82 23:53
1853,Ashely,Morrow,22-02-75 19:11
1854,Chaim,Burnett,12-04-71 16:32
1855,Anika,Crawford,30-12-56 10:56
1856,Leandra,Lamb,18-03-65 16:40
1857,Nasim,Powell,14-11-77 4:30
1858,Tiger,Green,12-12-65 8:45
1859,Summer,Powers,10-10-59 13:37
1860,Kevyn,Pace,16-10-52 0:24
1861,Brady,Garrison,21-08-84 8:38
1862,Brian,Bolton,07-10-67 7:11
1863,Kalia,Kidd,23-06-87 18:24
1864,Carlos,Downs,27-02-67 5:28
1865,Driscoll,Combs,06-12-69 12:14
1866,Laith,Gordon,13-06-59 1:12
1867,Dale,Mcbride,26-02-78 8:26
1868,Hu,Everett,31-10-56 18:22
1869,Tyrone,Compton,03-10-86 22:49
1870,Tad,Castaneda,25-04-63 10:49
1871,Chaim,Hancock,17-11-68 12:08
1872,Sage,Wyatt,30-12-79 15:55
1873,Cruz,Stafford,07-12-56 8:33
1874,Nissim,Hancock,11-02-85 22:13
1875,Malcolm,Hatfield,12-10-70 8:09
1876,Sebastian,Shepherd,26-05-84 15:04
1877,Honorato,Allen,14-08-86 10:18
1878,Dorothy,Rose,14-06-76 7:02
1879,Quintessa,Lyons,05-10-82 11:01
1880,Deacon,Stein,27-04-77 21:27
1881,Ian,Franco,19-07-65 1:33
1882,Naida,Mayo,29-07-59 3:34
1883,Giacomo,Reed,07-02-59 5:58
1884,Raven,Thompson,09-05-62 0:48
1885,Myra,Martin,29-11-75 12:33
1886,Medge,Forbes,29-11-86 18:48
1887,Barry,Randall,06-11-51 23:02
1888,Alvin,Butler,21-05-57 23:10
1889,Aimee,Brooks,09-04-78 19:52
1890,Honorato,Nieves,08-08-82 8:00
1891,Avye,Kemp,28-06-62 23:50
1892,Dane,Boyer,17-02-88 11:06
1893,Susan,Glass,01-04-72 5:00
1894,Derek,Mitchell,02-06-69 2:57
1895,Angela,Parker,23-09-72 15:03
1896,Helen,Fuentes,07-12-83 18:51
1897,Dieter,Huff,19-12-51 2:34
1898,Chase,Oneil,02-02-87 4:52
1899,Simone,Bryant,22-06-58 12:19
1900,Ocean,Lane,25-11-74 6:34
1901,Harriet,Terrell,05-05-77 10:43
1902,Eleanor,Duffy,02-04-83 9:46
1903,Alika,Adkins,02-02-83 15:11
1904,Sigourney,Valencia,22-06-61 21:12
1905,Declan,Walsh,06-12-70 18:14
1906,Jacob,Miranda,03-09-76 16:40
1907,Keaton,Murphy,08-08-70 14:41
1908,Keegan,Harding,05-12-74 9:40
1909,Hedy,Huber,26-01-54 11:10
1910,Reece,Finch,17-07-51 10:33
1911,Yuli,Boyle,09-02-64 10:38
1912,Caesar,Pena,02-03-58 14:30
1913,Carol,Poole,26-09-83 12:13
1914,Lois,Hancock,28-04-61 16:44
1915,Marvin,Nunez,15-06-80 16:16
1916,Justina,Day,28-09-66 11:09
1917,Azalia,Buckley,10-12-55 13:22
1918,Devin,Kelley,07-12-79 16:39
1919,Rose,Nguyen,23-11-58 6:29
1920,Shafira,Dickson,09-07-86 2:30
1921,Aurora,Melton,29-12-69 16:25
1922,Timothy,Cunningham,10-12-69 11:23
1923,Winter,Graves,29-05-54 0:36
1924,Audra,Gray,10-12-52 12:05
1925,Keefe,Simpson,13-08-63 21:38
1926,Upton,Branch,05-05-55 19:51
1927,Naida,Zimmerman,30-12-63 20:39
1928,Brady,Rivera,30-03-73 3:40
1929,Eugenia,Knight,22-10-71 13:09
1930,MacKenzie,Clayton,02-06-71 1:16
1931,Clio,Dodson,04-03-81 14:32
1932,Whitney,Witt,22-10-72 12:21
1933,Phyllis,Stafford,30-10-61 15:49
1934,Robin,Chen,29-04-73 10:39
1935,Hasad,Mclaughlin,02-07-61 17:27
1936,Len,Fields,16-01-62 4:12
1937,Nelle,Hudson,05-10-82 19:42
1938,Jacqueline,Mathews,01-01-55 23:51
1939,Abigail,Erickson,12-05-63 19:17
1940,Hope,Hampton,29-07-56 4:52
1941,Adrian,Curtis,14-11-84 1:32
1942,Mufutau,Foley,18-12-68 21:33
1943,Keelie,Gentry,13-07-59 3:17
1944,Tatyana,Dunlap,12-09-62 18:12
1945,Yael,Reyes,26-09-52 15:58
1946,Tobias,Atkinson,25-11-61 21:26
1947,Scarlet,Greene,19-08-72 7:24
1948,Uriel,Navarro,31-07-89 21:17
1949,Amity,Wilder,03-08-61 20:29
1950,Jared,Hartman,13-07-84 10:55
1951,Isaac,Bailey,13-08-70 2:27
1952,Sonya,Sampson,12-12-79 4:41
1953,Rebekah,Weeks,20-02-63 7:48
1954,Reagan,Bowers,03-02-67 20:51
1955,Joshua,Head,07-05-53 20:18
1956,Brenda,Chang,30-09-72 0:58
1957,Steel,Burris,08-09-83 19:25
1958,Chandler,Herman,02-03-57 5:19
1959,Cameron,Little,05-12-90 6:58
1960,Halee,Copeland,03-07-76 2:38
1961,Connor,Cardenas,09-12-85 13:11
1962,Alana,Ratliff,07-02-74 12:12
1963,Maisie,Dunlap,08-08-58 23:22
1964,Rhonda,Vargas,11-04-83 11:58
1965,Connor,Richard,06-06-83 6:08
1966,Courtney,Chavez,31-01-84 16:12
1967,Holmes,Graham,02-02-58 11:51
1968,Vielka,Chandler,18-02-82 17:50
1969,Gail,Marks,11-07-86 12:27
1970,Cole,Valentine,11-06-73 6:21
1971,Kibo,Small,21-10-74 5:44
1972,Ashton,Short,04-12-77 13:05
1973,Stone,White,23-05-80 2:01
1974,Hilda,Vazquez,10-11-87 20:25
1975,Phoebe,Norris,04-03-58 10:41
1976,Aileen,Morin,11-06-79 19:50
1977,Luke,Chase,10-09-74 11:47
1978,Faith,Barry,13-10-59 1:47
1979,Myra,Bradshaw,09-02-65 23:47
1980,Julie,Herrera,13-12-60 1:18
1981,Selma,Bell,08-08-62 16:03
1982,Harlan,Strickland,01-07-71 10:52
1983,Kimberly,Marshall,22-10-52 14:05
1984,Amir,Myers,25-01-78 7:43
1985,Noelani,Ward,23-08-90 5:58
1986,Morgan,Castillo,31-05-78 22:05
1987,Caldwell,Noble,14-07-68 4:40
1988,Blaine,Perkins,09-09-72 3:39
1989,Mechelle,Delgado,01-03-65 13:45
1990,Tana,Barron,26-10-75 7:42
1991,Katelyn,Mosley,16-07-65 18:18
1992,Britanni,Monroe,01-06-82 6:14
1993,Knox,Medina,28-08-80 20:42
1994,Kathleen,Wheeler,31-12-83 16:31
1995,Shellie,Mccarty,04-04-66 6:48
1996,Kitra,Mckenzie,09-02-71 19:54
1997,Sheila,Harmon,16-03-67 12:30
1998,MacKensie,Underwood,16-06-54 13:13
1999,Indigo,Carter,05-04-59 10:27
2000,Raphael,Owens,12-01-60 20:52
