name,email,gender
Derrek,dloukes0@zdnet.com,Male
Thia,tmacgiollapheadair1@state.tx.us,Female
Noell,nsides2@epa.gov,Male
Othello,oleadstone3@jiathis.com,Female
Daryl,dglenfield4@utexas.edu,Male
Kassey,kdooler5@163.com,Female
Carolyne,czack6@photobucket.com,Female
Candi,caires7@squidoo.com,Female
Batsheva,bgallafant8@sun.com,Male
Marchall,mconford9@time.com,Female
Myranda,mmcmillana@angelfire.com,Female
Leora,lcalterab@blogs.com,Male
Aviva,ameachanc@marketwatch.com,Female
Bari,bhaglintond@marriott.com,Male
Gaile,gcoleridgee@unblog.fr,Male
Alf,awarlawef@tumblr.com,Male
Catlin,ctinang@theglobeandmail.com,Male
Clarabelle,cwhifeh@yale.edu,Female
Drew,dninnottii@liveinternet.ru,Male
Onfre,ofreundj@reverbnation.com,Female
Arda,afosdykek@cbsnews.com,Genderfluid
Dania,danmorel@linkedin.com,Male
Angelica,adunsirem@mapquest.com,Male
Jessey,jfeatonbyn@photobucket.com,Non-binary
Roxi,ravrahamyo@gov.uk,Male
Lillian,lhearlp@github.io,Female
Candi,calbanyq@cargocollective.com,Genderfluid
Nerta,nmacinnesr@paginegialle.it,Male
Laina,lyukhnevichs@apache.org,Male
Sunshine,sbootont@miitbeian.gov.cn,Male
Fonz,flearieu@cornell.edu,Male
Angie,amattssonv@upenn.edu,Male
Cecilio,crablanw@printfriendly.com,Male
Anabelle,amorfordx@examiner.com,Female
Tallou,tabotsony@elegantthemes.com,Male
Harley,hchappellez@marriott.com,Female
Maybelle,mwaterman10@yellowpages.com,Female
Daryn,dlascell11@abc.net.au,Male
Gilberto,gdruce12@addtoany.com,Male
Bertram,bstampe13@1und1.de,Female
Jewel,jrangell14@etsy.com,Female
Philis,pwarrier15@artisteer.com,Male
Galvan,gspowart16@fda.gov,Male
Cam,cbartolomieu17@mapquest.com,Male
Biddy,boby18@addthis.com,Female
Patrice,pchang19@jugem.jp,Male
Menard,mreap1a@ezinearticles.com,Non-binary
Vail,vpownall1b@auda.org.au,Male
Catharina,clusher1c@storify.com,Female
Moshe,msilly1d@tmall.com,Male
Pavla,pgibbens1e@ocn.ne.jp,Male
Barrett,bmclarens1f@dailymotion.com,Male
Cristine,cschiell1g@hexun.com,Male
Dilan,dscogin1h@elpais.com,Female
Gordy,gpockett1i@nature.com,Female
Dodi,dkibard1j@phoca.cz,Male
Harlen,hclinning1k@ucoz.com,Male
Devlin,dcaulket1l@mail.ru,Male
Weber,whalvosen1m@phpbb.com,Male
Saleem,swhitehair1n@aboutads.info,Female
Morley,mloynes1o@si.edu,Male
Kordula,kstarsmeare1p@people.com.cn,Male
Ryun,rbalnaves1q@eepurl.com,Male
Car,ctuckwell1r@microsoft.com,Female
Buck,bdesmond1s@howstuffworks.com,Female
Jerrine,jschult1t@biblegateway.com,Male
Zelig,znicholl1u@state.gov,Male
Merilyn,msweedland1v@jimdo.com,Female
Max,mgoldthorp1w@guardian.co.uk,Female
Kalindi,kbernt1x@adobe.com,Male
Carver,cgritskov1y@oaic.gov.au,Female
Leelah,lcust1z@admin.ch,Male
Ase,aescalero20@moonfruit.com,Male
Carmina,cglew21@slideshare.net,Male
Patrice,plowings22@cdbaby.com,Female
Josefa,jkinnerley23@sbwire.com,Female
Fiann,fworssam24@adobe.com,Female
Kathryn,kjovey25@ezinearticles.com,Bigender
Ariana,adavidi26@google.com.br,Female
Anthony,apigott27@cafepress.com,Female
Waverly,whuxley28@domainmarket.com,Male
Norene,ncrebbin29@infoseek.co.jp,Female
Shaun,skerwood2a@icq.com,Female
Hermina,hmealiffe2b@nsw.gov.au,Polygender
Cherilynn,cgreenalf2c@pbs.org,Male
Rufus,rringwood2d@cornell.edu,Non-binary
Babs,bdeschlein2e@wix.com,Male
Verene,vreiglar2f@google.es,Female
Taite,tphinnis2g@privacy.gov.au,Female
Roddy,rdimic2h@mlb.com,Female
Brien,bmatous2i@earthlink.net,Female
Germana,gcalf2j@discovery.com,Female
Keri,kwhorlow2k@xinhuanet.com,Female
Bliss,bgeoghegan2l@canalblog.com,Female
Myrle,messery2m@last.fm,Female
Heath,hbossons2n@exblog.jp,Male
Orlando,okillgus2o@yandex.ru,Male
Nell,nduchart2p@nydailynews.com,Female
Sullivan,sdigwood2q@instagram.com,Male
Georgie,gwessel2r@sciencedaily.com,Male
Carolann,cbeaten2s@desdev.cn,Female
Colin,ceaslea2t@mozilla.org,Male
Ginni,gmccambrois2u@ovh.net,Genderqueer
Wandie,wpurchall2v@sphinn.com,Male
Andy,amonkhouse2w@soundcloud.com,Male
Claudell,chorrigan2x@ebay.co.uk,Male
Annnora,adressel2y@google.co.uk,Genderqueer
Tarah,tleavey2z@wp.com,Female
Wallie,wthyng30@last.fm,Male
Rossy,rvenour31@jimdo.com,Male
Ardeen,acoffey32@reuters.com,Male
Henry,hguiducci33@bloglines.com,Bigender
Gamaliel,ggilhouley34@simplemachines.org,Female
Phaedra,pohagan35@exblog.jp,Male
Sindee,sstearley36@opensource.org,Female
Ron,rmiche37@shutterfly.com,Female
Yorgo,yboughen38@theatlantic.com,Non-binary
Ethan,ehamsson39@cam.ac.uk,Polygender
Niki,nswidenbank3a@bloglines.com,Male
Marijn,mdemerida3b@va.gov,Male
Selie,stennison3c@google.com.br,Male
Clea,ctwinberrow3d@google.com.hk,Female
Shaun,spolkinhorn3e@dyndns.org,Male
Margery,mbegbie3f@wix.com,Male
Melony,mmalkin3g@youtube.com,Female
Grace,gshackleton3h@furl.net,Female
Burnard,bpettegree3i@webeden.co.uk,Female
Jessie,jtavinor3j@blogtalkradio.com,Male
Jard,jhobden3k@theatlantic.com,Female
Cazzie,cbirchenhead3l@cafepress.com,Female
Melody,mfagg3m@dailymail.co.uk,Male
Maximilianus,mcrake3n@wufoo.com,Female
Norrie,nridder3o@chron.com,Male
Jeniece,jbortoletti3p@posterous.com,Female
Marci,mgittins3q@china.com.cn,Male
Suzanna,sgrishakin3r@un.org,Female
Lelia,ljinkins3s@creativecommons.org,Female
Marje,mnealand3t@apache.org,Female
Chrisy,ctinner3u@csmonitor.com,Male
Bernete,bemerine3v@simplemachines.org,Male
Charley,cizat3w@wp.com,Male
Ginevra,gciccottio3x@oracle.com,Female
Esme,elebang3y@weather.com,Female
Dom,dgreendale3z@pagesperso-orange.fr,Bigender
Violette,vpheazey40@indiegogo.com,Male
Lana,lmatuszewski41@jigsy.com,Male
Stearn,shouselee42@issuu.com,Male
Clemmie,ckeaton43@last.fm,Male
Abram,atibbetts44@tmall.com,Male
Ania,aericsson45@deviantart.com,Male
Phineas,prugge46@forbes.com,Female
Orton,ostanbra47@newyorker.com,Bigender
Krystle,ksallowaye48@walmart.com,Female
Brynna,broelofsen49@census.gov,Male
Jillene,jslides4a@youtu.be,Female
Sadie,sconnochie4b@shop-pro.jp,Male
Aigneis,arimes4c@symantec.com,Female
Clarence,cmclellan4d@mail.ru,Female
Ches,covershott4e@bbc.co.uk,Female
Drucy,dpizey4f@indiatimes.com,Female
Curr,cpridmore4g@amazon.de,Male
Rosemary,rmcadam4h@edublogs.org,Male
Lawry,ltrace4i@va.gov,Male
Berna,btuff4j@zdnet.com,Male
Ichabod,ichoulerton4k@toplist.cz,Female
Linda,lfishbourne4l@people.com.cn,Male
Dru,dmcneilly4m@epa.gov,Male
Madella,mmeric4n@pagesperso-orange.fr,Female
Guy,gpuckey4o@t-online.de,Polygender
Gerrilee,gbuesnel4p@eepurl.com,Male
Ozzy,ohillyatt4q@gov.uk,Female
Upton,udouthwaite4r@liveinternet.ru,Male
Shelbi,supston4s@bloomberg.com,Non-binary
Concordia,cmaulden4t@homestead.com,Male
Drusie,dpriestley4u@zimbio.com,Male
Deborah,dbrunger4v@irs.gov,Male
Derward,dgirth4w@home.pl,Male
Philippine,pflitcroft4x@go.com,Male
Jaimie,jlexa4y@vkontakte.ru,Female
Alford,astrutz4z@oracle.com,Female
Kirby,kvinnick50@domainmarket.com,Male
Electra,esilberschatz51@tamu.edu,Female
Melisandra,mdealy52@unicef.org,Male
Candi,cbellon53@bing.com,Genderfluid
Redd,rbottell54@yellowpages.com,Female
Tedd,tyakebovich55@wordpress.com,Agender
Koral,kschieferstein56@sakura.ne.jp,Male
Bartlett,bemanuel57@archive.org,Female
Monah,mcardoso58@japanpost.jp,Male
Marge,moldey59@apple.com,Male
Garrot,gnuschke5a@google.it,Female
Alex,abarr5b@list-manage.com,Female
Henka,hcruden5c@unc.edu,Male
Maryellen,mhinkins5d@homestead.com,Female
Gunter,gbrun5e@shutterfly.com,Female
Christyna,cmintram5f@dedecms.com,Female
Lacee,ldumbelton5g@addthis.com,Male
Cecily,cdugald5h@fda.gov,Male
Davon,dvorley5i@samsung.com,Female
Ebony,eelliott5j@deliciousdays.com,Male
Kathie,kklimke5k@simplemachines.org,Bigender
Jerrie,jcloney5l@ezinearticles.com,Male
Dehlia,dcolchett5m@walmart.com,Bigender
Errol,epalia5n@dell.com,Female
Maggie,morry5o@msn.com,Male
Mei,mgreendale5p@ibm.com,Male
Faythe,fbligh5q@engadget.com,Male
Yorgos,yfeavyour5r@berkeley.edu,Female
Al,ageely5s@csmonitor.com,Male
Samson,sosanne5t@dagondesign.com,Female
Reade,rgoldstone5u@cmu.edu,Bigender
Tamera,trunciman5v@nps.gov,Female
Patin,pmacvagh5w@zdnet.com,Male
Griswold,gcollier5x@archive.org,Male
Gaby,grudland5y@i2i.jp,Female
Sydney,sdebruin5z@hexun.com,Female
Grove,gdarwen60@sphinn.com,Male
Hally,hawty61@wikispaces.com,Male
Rockey,rhardage62@tripadvisor.com,Male
Celeste,ccucuzza63@phoca.cz,Male
Hardy,helstob64@noaa.gov,Male
Blondelle,bworlidge65@altervista.org,Female
Andria,amackeague66@facebook.com,Genderfluid
Avrom,areardon67@moonfruit.com,Male
Hinze,hamort68@umich.edu,Male
Ricky,rashenhurst69@washington.edu,Male
Meagan,mmcbratney6a@ameblo.jp,Male
Galina,gcowdray6b@vk.com,Male
Osborn,ofetherby6c@barnesandnoble.com,Female
Marget,mcurtayne6d@yellowbook.com,Female
Ellie,escreen6e@tiny.cc,Female
Trip,tminot6f@jigsy.com,Female
Karim,kfaulks6g@ebay.co.uk,Male
Lorens,ldickie6h@wp.com,Non-binary
Marina,mseymour6i@qq.com,Female
Vallie,vfriday6j@shutterfly.com,Male
Roddy,rdignall6k@google.co.jp,Male
Lay,lhaacker6l@xinhuanet.com,Female
Vere,vhindrich6m@craigslist.org,Polygender
Collete,cstormonth6n@de.vu,Non-binary
Naomi,nbahia6o@state.tx.us,Male
Maudie,mcare6p@businessinsider.com,Agender
Christiano,cnorvel6q@weather.com,Male
Eileen,eoda6r@amazon.de,Female
Arther,akryszka6s@ihg.com,Female
Percy,pravenshear6t@furl.net,Male
Benedetta,bellen6u@oracle.com,Agender
Daniela,dlangston6v@berkeley.edu,Female
Hermia,hantonutti6w@xrea.com,Female
Clayborn,cmccrae6x@apache.org,Male
Lissa,labreheart6y@ucla.edu,Female
Elmer,ehenfre6z@nhs.uk,Male
Emelda,emingardo70@boston.com,Male
Floris,fodocherty71@senate.gov,Female
Tiphanie,tpolle72@psu.edu,Female
Christiane,cjakoubek73@diigo.com,Male
Trefor,tkairns74@deliciousdays.com,Male
Jephthah,jjosowitz75@ucla.edu,Genderfluid
Hally,hclemenzo76@geocities.com,Male
Dion,dalbone77@princeton.edu,Male
Pet,plys78@fema.gov,Female
Zenia,zboundley79@hatena.ne.jp,Male
Harlene,halison7a@forbes.com,Male
Bealle,bgaymer7b@prnewswire.com,Female
Flossi,fbeverstock7c@ox.ac.uk,Male
Cheri,ctisor7d@newyorker.com,Female
Sheilakathryn,ssteeden7e@weebly.com,Female
Eunice,estrond7f@engadget.com,Male
Manolo,mmidlar7g@cpanel.net,Female
Winifield,winsall7h@list-manage.com,Male
Darin,dsantarelli7i@yellowpages.com,Male
Michel,mcockerton7j@senate.gov,Female
Ardith,aanwyl7k@businessweek.com,Female
Ruthe,rbragge7l@list-manage.com,Male
Marielle,mdalgliesh7m@noaa.gov,Female
Kippy,kfeatenby7n@wired.com,Female
Kathrine,kmacrorie7o@who.int,Male
Isadore,idillimore7p@mysql.com,Female
Patsy,pbate7q@blinklist.com,Male
Raven,raskell7r@furl.net,Male
Eadith,ehaquin7s@drupal.org,Male
Byron,bliepmann7t@4shared.com,Female
Desdemona,dsyddon7u@cornell.edu,Female
Phineas,plangman7v@seesaa.net,Genderqueer
Gwenette,gjoblin7w@psu.edu,Female
Tresa,tyakunchikov7x@slideshare.net,Male
Standford,smcritchie7y@fda.gov,Male
Marilin,mseiler7z@huffingtonpost.com,Female
Laird,lchatten80@bloomberg.com,Female
Vite,vcarn81@hud.gov,Male
Codie,cmitchely82@github.com,Male
Beverly,bhosburn83@abc.net.au,Male
Halette,hswitsur84@house.gov,Female
Raul,rkantor85@jigsy.com,Genderqueer
Kellsie,kmadigan86@wiley.com,Female
Cristiano,cvassman87@odnoklassniki.ru,Male
Kelci,kandrysek88@nyu.edu,Female
Ramsay,rfairbrass89@bluehost.com,Male
Pierre,pfaircliffe8a@usatoday.com,Female
Rikki,rdent8b@latimes.com,Female
Veda,vlefriec8c@rediff.com,Female
Maighdiln,mpenniall8d@springer.com,Female
Erika,ebehrendsen8e@timesonline.co.uk,Male
Xenos,xgarretts8f@smugmug.com,Female
Elita,efieller8g@usda.gov,Male
Thurston,tfloodgate8h@mac.com,Female
Chic,ccrossthwaite8i@china.com.cn,Male
Allis,asetchfield8j@altervista.org,Female
Abrahan,abazire8k@cbc.ca,Male
Shepherd,shows8l@jalbum.net,Male
Laryssa,lcreighton8m@boston.com,Male
Philippine,pvogelein8n@cbslocal.com,Female
Chad,cbenediktsson8o@51.la,Non-binary
Darrin,ddoubrava8p@narod.ru,Male
Shelden,seliez8q@latimes.com,Female
Stewart,sscully8r@timesonline.co.uk,Female
Tore,teldered8s@gov.uk,Female
Ferrel,fcorzon8t@auda.org.au,Male
Rene,rhallyburton8u@rediff.com,Genderfluid
Grissel,gcudby8v@smugmug.com,Female
Elfie,ecuming8w@unc.edu,Female
Reg,rcoleiro8x@ox.ac.uk,Male
Rob,redwicke8y@liveinternet.ru,Male
Dunn,doade8z@spiegel.de,Female
Florinda,froddick90@theguardian.com,Male
Marj,mkuschel91@ning.com,Male
Liliane,lflorey92@marriott.com,Male
Chris,cbriat93@amazon.com,Female
Abeu,agoode94@irs.gov,Polygender
Mathe,malam95@google.nl,Polygender
Zea,zyankin96@cornell.edu,Male
Robinetta,rbricksey97@nba.com,Male
Ermina,ekliesl98@nature.com,Female
Floria,fembery99@symantec.com,Male
Willow,wlyness9a@t-online.de,Female
Chaim,cgoves9b@cbslocal.com,Female
Alie,ahackney9c@vistaprint.com,Male
Rafe,rshakesby9d@privacy.gov.au,Female
Dicky,dsieghard9e@nytimes.com,Male
Barri,bbidnall9f@wikipedia.org,Non-binary
Venita,velsie9g@123-reg.co.uk,Genderfluid
Georges,gparis9h@go.com,Male
Ryann,rbrusin9i@wunderground.com,Male
Alisa,aculley9j@wiley.com,Male
Freddy,fmalinson9k@huffingtonpost.com,Bigender
Clyde,csolan9l@51.la,Polygender
Addie,aitzkovwich9m@edublogs.org,Female
Justino,jbaugham9n@w3.org,Male
Matias,mmartignoni9o@whitehouse.gov,Female
Jacquetta,jrieger9p@google.com.hk,Male
Belia,bhorlick9q@ucla.edu,Male
Lotti,llaurant9r@elegantthemes.com,Female
Niel,ngumey9s@google.de,Female
Claudie,cschoolfield9t@pinterest.com,Male
Brett,bmellem9u@wix.com,Male
Phyllida,pgullberg9v@livejournal.com,Female
Pietra,praccio9w@amazonaws.com,Male
Jamaal,jgrundell9x@opera.com,Male
Olwen,ogobell9y@sphinn.com,Female
Trace,ttemporal9z@google.com.br,Male
Billie,bcubitta0@gnu.org,Male
Minna,mhallowsa1@stumbleupon.com,Female
Roseanne,rpriesta2@ted.com,Female
Tomasina,tmuttona3@umich.edu,Female
Abbe,akeasleya4@pcworld.com,Female
Lem,lspaulea5@va.gov,Female
Bran,bfinnimorea6@nydailynews.com,Male
Winnifred,wathowa7@wikipedia.org,Non-binary
Yasmeen,ykennicotta8@admin.ch,Female
Micaela,mbulteela9@ebay.co.uk,Female
Selie,sgoundrillaa@cnet.com,Female
Fleming,fpaceyab@hugedomains.com,Male
Rob,rbareac@theglobeandmail.com,Female
Cesare,cvintenad@jugem.jp,Female
Aaron,alawsonae@slate.com,Female
Abram,acorradeschiaf@salon.com,Female
Reginald,rstraughanag@intel.com,Polygender
Michal,mwaterhouseah@unesco.org,Genderfluid
Nadia,ndillintoneai@walmart.com,Polygender
Evania,earneyaj@deviantart.com,Female
Karoly,kperigeauxak@businessweek.com,Male
Fedora,ffihellyal@prweb.com,Male
Ortensia,omcphersonam@acquirethisname.com,Polygender
Ford,fstanfieldan@illinois.edu,Female
Hortense,hbraneao@ft.com,Male
Lefty,lkupecap@blogs.com,Male
Hurlee,hkesonaq@google.pl,Male
Kathrine,krassmannar@constantcontact.com,Female
Brigida,bgiacopettias@theguardian.com,Male
Vasili,valloneat@amazon.co.jp,Female
Reynold,rmcdyerau@nhs.uk,Female
Aila,abloxamav@twitpic.com,Female
Cherlyn,chuyhtonaw@yahoo.co.jp,Female
Howey,hyakobowitchax@skyrock.com,Male
Correna,cdranfielday@upenn.edu,Male
Sanson,slemmersaz@cbsnews.com,Male
Hadlee,hwhitebreadb0@naver.com,Female
Abbie,agilliamb1@networksolutions.com,Male
Ernie,ehayleyb2@psu.edu,Male
Magdalene,manthonyb3@google.com.br,Female
Kristopher,kreboulb4@huffingtonpost.com,Male
Arvie,arothmanb5@google.pl,Male
Evin,edovinsonb6@unc.edu,Male
Aurora,akildeab7@patch.com,Male
Tris,tgunnerb8@statcounter.com,Female
Boot,bcrumbieb9@state.gov,Female
Oberon,obyrkmyrba@imageshack.us,Male
Cassandry,cfosherbb@vk.com,Female
Jamill,jgobournbc@amazon.co.jp,Male
Corrie,csarjentbd@jimdo.com,Male
Goldina,ggrinikhinovbe@oracle.com,Bigender
Dona,dsherelbf@wikispaces.com,Female
Vanya,vlongmuirbg@columbia.edu,Male
Robinia,rwardesworthbh@google.co.uk,Female
Giffy,glivezleybi@g.co,Non-binary
Flora,fkillockbj@prweb.com,Male
Cristionna,cpottiebk@usgs.gov,Female
Leia,lfelcebl@google.de,Female
Reyna,rglassupbm@devhub.com,Female
Jenica,jwackettbn@qq.com,Female
Montague,mweagenerbo@sina.com.cn,Polygender
Dominga,dchurchlowbp@home.pl,Male
Callie,cfarleighbq@merriam-webster.com,Bigender
Aarika,acranefieldbr@springer.com,Female
Rozanna,rcrightonbs@w3.org,Female
Fey,fumfreybt@upenn.edu,Female
Moira,mtollidaybu@reuters.com,Male
Joni,jchicchellibv@sourceforge.net,Genderqueer
Colly,clourensbw@infoseek.co.jp,Male
Mercedes,mbrookbankbx@purevolume.com,Female
Rosina,rlekeuxby@xing.com,Female
Dorey,dforestallbz@skyrock.com,Male
Sauveur,sminorsc0@hexun.com,Male
Jeddy,jlinskillc1@patch.com,Female
Michel,mpellettc2@msu.edu,Male
Mannie,mseilmannc3@goodreads.com,Female
Lettie,lcanoc4@usgs.gov,Male
Ilario,ihounihanc5@accuweather.com,Female
Maisie,mspieghtc6@nationalgeographic.com,Female
Keeley,kchalcotc7@accuweather.com,Female
Christel,carmsteadc8@ibm.com,Polygender
Agosto,amccoolc9@hubpages.com,Female
Derk,dgritsaevca@prnewswire.com,Bigender
Gretal,gdockercb@free.fr,Female
Nertie,ncagecc@unicef.org,Male
Loren,lsomescd@whitehouse.gov,Female
Barnett,bhewesce@umich.edu,Female
Roldan,rjikyllscf@comsenz.com,Female
Barris,bscandrootcg@dropbox.com,Genderqueer
Bobbe,bjurgench@berkeley.edu,Female
Ileane,iklimkeci@reuters.com,Female
Amata,abramhamcj@behance.net,Male
Pandora,pedginck@ning.com,Male
Margareta,mmccowencl@devhub.com,Female
Nate,nlotoncm@mit.edu,Female
Kerr,ktoquetcn@chicagotribune.com,Female
Gardie,gscarsbrickco@apache.org,Non-binary
Prudy,pannellcp@wordpress.org,Male
Linette,lpiscopocq@soup.io,Male
Lammond,llarkworthycr@usgs.gov,Female
Ulrikaumeko,ucraigmylecs@photobucket.com,Male
Giulio,gflayct@gov.uk,Male
Ingunna,itrowcu@merriam-webster.com,Female
Frankie,fgilecv@huffingtonpost.com,Male
Sarah,shulsoncw@epa.gov,Male
Eva,ehumberstonecx@stanford.edu,Female
Maegan,mdouglasscy@devhub.com,Male
Gustavus,gsilversmidcz@businessinsider.com,Bigender
Ave,aotsond0@slate.com,Polygender
Ibbie,icallardd1@narod.ru,Female
Yoko,ydunthorned2@multiply.com,Male
Leyla,lvyeld3@microsoft.com,Female
Eleanore,etatemd4@telegraph.co.uk,Genderfluid
Archaimbaud,agorryd5@weibo.com,Male
Lek,lbatesd6@blogs.com,Male
Clim,cbernardesd7@comsenz.com,Female
Clementine,clauridsend8@wp.com,Male
Aloysia,aendricid9@stanford.edu,Male
Meggy,msafhillda@deliciousdays.com,Male
Sibeal,ssitforddb@hostgator.com,Female
Aveline,aokeeffedc@weather.com,Female
Rooney,rdeamayadd@w3.org,Female
Brigham,blansberryde@google.co.jp,Female
Kipp,kkirgandf@about.com,Female
Peder,pwallisdg@people.com.cn,Bigender
Lebbie,lchesedh@businessinsider.com,Male
Arabele,aissakovdi@hostgator.com,Female
Thom,tcranagedj@addtoany.com,Male
Nelly,nsherreddk@elpais.com,Male
Jamie,jshottondl@princeton.edu,Female
Valencia,vhuxtondm@state.gov,Genderfluid
Felic,fingleydn@walmart.com,Male
Conn,ceiversdo@sogou.com,Female
Eirena,ebariballdp@histats.com,Male
Fanchette,fmansiondq@google.pl,Male
Michel,mbarrusdr@state.gov,Male
Flory,ffalconards@squidoo.com,Male
Vernon,vmeldondt@photobucket.com,Male
Dame,drekesdu@amazonaws.com,Polygender
Brandy,bduddingdv@soundcloud.com,Male
Carie,ckirkpatrickdw@shop-pro.jp,Female
Reamonn,rleibolddx@ehow.com,Female
Ginny,gbrannandy@europa.eu,Female
Doll,dplatfootdz@bloglovin.com,Female
Nelle,nkeyzmane0@theglobeandmail.com,Male
Nikolaus,nberre1@w3.org,Male
Rosene,rpaulinoe2@addtoany.com,Female
Rhea,rcawdrone3@joomla.org,Male
Blake,bbahle4@squarespace.com,Male
Gardy,grissene5@sina.com.cn,Female
Ruddy,rthackstone6@ucla.edu,Female
Mikaela,mkendere7@nasa.gov,Male
Shelby,sdorlinge8@irs.gov,Male
Stan,sdesboroughe9@redcross.org,Female
Wynne,wrobilliardea@forbes.com,Male
Rudolph,rgrattaneb@upenn.edu,Non-binary
Zarah,zluipoldec@issuu.com,Male
Monty,mmcgrahed@i2i.jp,Male
Shirleen,sspoltonee@delicious.com,Female
Sallie,sgroveef@ebay.com,Male
Haily,hbendingeg@unc.edu,Male
Vanni,vakesseh@360.cn,Male
Tiertza,tbattellei@cbc.ca,Male
Gamaliel,gdracheej@mtv.com,Male
Christabel,cvasilovek@tripadvisor.com,Female
Way,wsitwellel@merriam-webster.com,Female
Kasey,kcouroyem@issuu.com,Genderfluid
Paloma,pwarmanen@prnewswire.com,Female
Sharlene,stompkisseo@phpbb.com,Female
Whittaker,wmoscoep@sciencedirect.com,Male
Alidia,acassidyeq@spiegel.de,Non-binary
Amerigo,atraiteer@ed.gov,Male
Garnet,gbotwoodes@ask.com,Female
Edgard,espallset@1688.com,Male
Tarrance,tkobeleu@hibu.com,Female
Jerald,jziemev@wikispaces.com,Male
Glenna,glangforthew@slate.com,Female
Nissy,nsaffeex@ycombinator.com,Female
Dex,dharraginey@nps.gov,Male
Kristofer,khaggusez@weather.com,Female
Arley,amcgeacheyf0@odnoklassniki.ru,Male
Feodor,fsoansf1@nps.gov,Female
Papageno,pmugridgef2@about.com,Male
Elbertine,eolifardf3@linkedin.com,Male
Regan,rschellef4@wikimedia.org,Male
Garik,gsaladinef5@intel.com,Male
Hedwiga,hsaladinef6@acquirethisname.com,Male
Beth,bnotleyf7@mtv.com,Male
Benny,biuoriof8@wiley.com,Female
Marilin,mburnef9@constantcontact.com,Male
Gertruda,gledbetterfa@reuters.com,Male
Ollie,osimmingsfb@e-recht24.de,Genderfluid
Cody,csummersbyfc@apple.com,Male
Gwyn,gpatnellifd@yandex.ru,Female
Paige,pdownagefe@nymag.com,Male
Evan,egraingerff@harvard.edu,Female
Ban,bagerskowfg@vinaora.com,Male
Marleen,mburstowfh@businessweek.com,Female
Melina,mbedellfi@hatena.ne.jp,Female
Kriste,kbrassingtonfj@google.pl,Male
Michael,mjelkesfk@home.pl,Female
Lisette,lgiacobiliofl@newyorker.com,Male
Ethelda,elaversfm@sphinn.com,Male
Nerte,ndillingstonfn@1688.com,Female
Natale,nmcgiffiefo@ox.ac.uk,Female
Shae,swarlowefp@google.it,Male
Helenka,hzorzonifq@cyberchimps.com,Female
Brockie,bstuckfordfr@mit.edu,Male
Yasmeen,yokellyfs@imageshack.us,Male
Sanders,ssalazarft@marriott.com,Female
Wilma,wclufffu@dailymotion.com,Bigender
Ruby,rdruhanfv@ucoz.com,Male
Leslie,lrediersfw@networkadvertising.org,Genderqueer
Marsiella,mspaulefx@deviantart.com,Female
Morena,mpearnfy@ask.com,Genderfluid
Myrwyn,mzorenfz@census.gov,Male
Willy,wyitzhokg0@guardian.co.uk,Female
Laina,lmarvalg1@narod.ru,Male
Feliks,fdollardg2@rambler.ru,Male
Tersina,tmcculleng3@cyberchimps.com,Female
Mommy,mstuttardg4@blogger.com,Male
Bryna,bwinstong5@list-manage.com,Female
Shay,sstucksburyg6@apple.com,Female
Dorree,dcorseg7@taobao.com,Female
Fran,fjewarg8@bigcartel.com,Male
Margarette,mpietraszekg9@loc.gov,Female
Les,lbruniniga@zdnet.com,Genderfluid
Marissa,mdenyagingb@xing.com,Female
Cathyleen,cweakleygc@engadget.com,Male
Corry,crozecgd@tinyurl.com,Female
Kelila,kgowersge@ning.com,Male
Roseline,rtunnowgf@dailymail.co.uk,Male
Pat,prowatgg@qq.com,Female
Collette,cstollsteinergh@printfriendly.com,Male
Mabel,mgoslingi@storify.com,Female
Adorne,abigadikegj@xinhuanet.com,Male
Karee,knewcomegk@hubpages.com,Female
Renee,rmccaullgl@miitbeian.gov.cn,Female
Gerrilee,gjustegm@pen.io,Male
Charlot,cbonelliegn@sogou.com,Male
Blair,bmccrossango@com.com,Female
Karalee,ksouthernwoodgp@engadget.com,Genderqueer
Donna,dgrundongq@123-reg.co.uk,Female
Burg,bpazgr@clickbank.net,Bigender
Jacqueline,jbriggegs@youtu.be,Bigender
Terri,tprigmoregt@arizona.edu,Female
Emyle,ecannergu@instagram.com,Female
Aimee,afelsteadgv@dot.gov,Male
Farlay,ftigwellgw@shutterfly.com,Female
Hamel,hkalewegx@google.fr,Male
Jedediah,jsheehangy@latimes.com,Female
Cindy,cnoongz@ihg.com,Male
Jefferson,jwedgbrowh0@netscape.com,Female
Nanon,nwoolfitth1@reverbnation.com,Polygender
Odey,oedgsonh2@networksolutions.com,Female
Kevan,kgaffeyh3@sun.com,Male
Jackie,jpostlesh4@ehow.com,Female
Any,adefreyneh5@elpais.com,Female
Nickie,nloacheh6@umn.edu,Male
Mada,mpearchh7@imgur.com,Female
Wolfie,wvasilevichh8@house.gov,Male
April,atylerh9@scribd.com,Male
Gabbey,gjeffcoatha@simplemachines.org,Female
Carmel,cellgoodhb@odnoklassniki.ru,Polygender
Audra,amagnushc@wordpress.org,Female
Pippy,prudderhamhd@discuz.net,Male
Gizela,glowensohnhe@github.com,Female
Cullin,ckeeveshf@sun.com,Female
Julio,jletteressehg@naver.com,Male
Lorne,lfaccinihh@squarespace.com,Polygender
Marcelline,momullanhi@reference.com,Female
Killy,kmuslahj@dagondesign.com,Female
Nicholle,ncathenodhk@twitpic.com,Male
Yolanthe,ybewseyhl@facebook.com,Female
Robby,rkiggelhm@cloudflare.com,Female
Robinson,rfontainehn@answers.com,Male
Tiffanie,tlavisho@craigslist.org,Male
Lucretia,ltottiehp@salon.com,Male
Austin,atimmishq@wufoo.com,Bigender
Alaric,atothehr@buzzfeed.com,Male
Owen,oculveyhs@linkedin.com,Female
Ame,arubelht@miitbeian.gov.cn,Male
Sutton,snussiihu@dagondesign.com,Male
Lynelle,lvaiseyhv@friendfeed.com,Male
Worthy,wlonglandshw@netscape.com,Male
Wood,wdominiquehx@jimdo.com,Male
Thaddus,ttembridgehy@amazonaws.com,Male
Harrison,hjewishz@so-net.ne.jp,Male
Hailee,hshoulderi0@senate.gov,Male
Gualterio,gbatmani1@census.gov,Female
Lauryn,lmcnabbi2@themeforest.net,Female
Yehudit,ygarawayi3@unicef.org,Female
Piotr,pduddridgei4@reverbnation.com,Male
Ham,hcottilli5@zdnet.com,Female
Adiana,asmewini6@zimbio.com,Non-binary
Sheff,syerilli7@phoca.cz,Female
Joana,jmaccafferyi8@de.vu,Female
Case,ctayloei9@earthlink.net,Female
Jamill,jmccoveneyia@mtv.com,Female
Chicky,cvasyukhinib@github.com,Male
Corrine,cmansfordic@free.fr,Female
Antony,afilisovid@goo.gl,Agender
Donal,dharbyie@quantcast.com,Female
Ashton,ahynamif@ow.ly,Female
Salvatore,smanssuerig@yolasite.com,Female
Carlynne,cfiggsih@linkedin.com,Female
Viv,voleszkiewiczii@nhs.uk,Male
Clarke,cpowdrillij@merriam-webster.com,Female
Odelia,obeafordik@army.mil,Male
Amelie,aruddellil@drupal.org,Female
Aubrie,ablackfordim@sbwire.com,Agender
Ree,rasalsin@4shared.com,Male
Elinore,eyuillio@bravesites.com,Female
Delia,ddmiterkoip@microsoft.com,Male
Lucinda,lbrewardiq@blogs.com,Male
Nils,nsedworthir@usatoday.com,Non-binary
Dalila,dleicesteris@dagondesign.com,Female
Jolyn,jbrunoit@seattletimes.com,Male
Zelda,zmattiazziiu@house.gov,Male
Rebecca,rhazelbyiv@nasa.gov,Female
Ellis,epiattiiw@youku.com,Male
Sharai,sscathardix@whitehouse.gov,Male
Linnie,lwestmaniy@guardian.co.uk,Genderfluid
Britt,bfaithfulliz@blinklist.com,Male
Abbey,astallybrassj0@japanpost.jp,Female
Cyrillus,csaundercockj1@uiuc.edu,Male
Rodie,rpynej2@google.de,Female
Arlyne,aabbayj3@ocn.ne.jp,Female
Brittney,bmcilvorayj4@china.com.cn,Female
Moria,mgwilymj5@examiner.com,Female
Morna,mcolthardj6@shutterfly.com,Male
Price,ppietrasikj7@biblegateway.com,Genderfluid
Ameline,astobbej8@is.gd,Female
Renard,rvintj9@earthlink.net,Bigender
Cass,cpaolettoja@aol.com,Male
Lenee,lmaudettjb@cdbaby.com,Male
Doreen,dgumnjc@google.com.hk,Female
Arron,aborgnetjd@wordpress.com,Genderqueer
Meridith,mramsbyje@list-manage.com,Female
Deena,dmacfarlanjf@freewebs.com,Male
Leone,lcorrejg@patch.com,Female
Reinwald,rchampainjh@hud.gov,Male
Madlin,mretallickji@yandex.ru,Male
Orelia,oarmatidgejj@cornell.edu,Male
Olivier,ookeefejk@usa.gov,Male
Ashil,askittjl@artisteer.com,Genderfluid
Araldo,aorrobinjm@gizmodo.com,Non-binary
Dorthy,dtidboldjn@dot.gov,Male
Archie,aledwardjo@archive.org,Female
Sallee,sharknessjp@paginegialle.it,Female
Kathryne,kgoddenjq@npr.org,Genderfluid
Northrup,ngaltonjr@creativecommons.org,Female
Marilyn,mfolcajs@npr.org,Female
Alena,aknibleyjt@seattletimes.com,Female
Torrie,tmcclounanju@google.com.hk,Male
Cam,cvennyjv@dropbox.com,Female
Mirabelle,mbrealeyjw@printfriendly.com,Female
Jacklyn,jciobutarojx@blogtalkradio.com,Female
Coletta,cchardjy@ft.com,Female
Duff,dhubanejz@multiply.com,Male
Chev,calessandruccik0@hud.gov,Male
Regen,rtollmachek1@tumblr.com,Male
Walther,wgilliank2@samsung.com,Polygender
Aristotle,amacgibbonk3@pagesperso-orange.fr,Male
Herminia,hmaloneyk4@bing.com,Male
Aida,alynskeyk5@jimdo.com,Female
Annora,ahuffk6@creativecommons.org,Female
Jacky,jkosek7@issuu.com,Female
Gwenneth,glitterickk8@boston.com,Genderfluid
Gerladina,gandreolettik9@live.com,Male
Alfons,akentwellka@php.net,Male
Pansie,pworboyskb@google.com.br,Female
Brantley,bocklandkc@harvard.edu,Male
Loren,lrydekd@washingtonpost.com,Female
Rawley,rbowlandske@google.ca,Female
Ann-marie,aaartsenkf@washington.edu,Male
Marsha,matthowekg@homestead.com,Male
Farand,fmccurlyekh@earthlink.net,Male
Mattias,mhannamki@usnews.com,Male
Whitaker,wburgherkj@booking.com,Male
Beale,blubykk@psu.edu,Female
Edouard,ebirtwhistlekl@pinterest.com,Female
Mariska,mattowkm@blinklist.com,Genderfluid
Livvie,lstrephankn@simplemachines.org,Female
Duane,dlarkworthyko@sourceforge.net,Female
Micah,mbrixhamkp@pcworld.com,Female
Alphonso,achismonkq@marketwatch.com,Male
Cedric,ckinchleykr@toplist.cz,Bigender
Anatol,agemelliks@irs.gov,Male
Andriana,adrucekt@addthis.com,Male
Athena,awiltshierku@rakuten.co.jp,Female
Francyne,fhuglikv@g.co,Female
Teresita,ttankardkw@ow.ly,Male
Jannelle,jlightkx@reddit.com,Male
Christos,craseky@ezinearticles.com,Male
Mala,mcorishkz@clickbank.net,Male
Daphna,daubreyl0@plala.or.jp,Genderqueer
Lela,luppettl1@mozilla.org,Non-binary
Flori,frhodefl2@weibo.com,Male
Kylie,kcranefieldl3@loc.gov,Female
Francis,fdarringtonl4@ft.com,Female
Baxter,bpirellil5@marriott.com,Female
Haslett,hfleal6@merriam-webster.com,Female
Maible,mdraudel7@delicious.com,Male
Poul,ptedahll8@dot.gov,Female
Kristina,kskeermorl9@webs.com,Male
Ursola,ulygola@hibu.com,Female
Laura,lovenslb@bluehost.com,Female
Kristi,ksongerlc@hugedomains.com,Male
Benedicto,brisebrowld@tuttocitta.it,Female
Odey,onorthcotele@gravatar.com,Female
Tiertza,tstridelf@wikispaces.com,Female
Evered,ebrewislg@posterous.com,Male
Nina,norricelh@mayoclinic.com,Male
Deny,ddabbsli@amazon.co.uk,Female
Charisse,cormstonlj@jiathis.com,Male
Consuela,ccostocklk@51.la,Female
Lyndy,lbrendishll@ftc.gov,Female
Pall,pwoodcroftlm@uol.com.br,Female
Gerta,gproughtenln@paginegialle.it,Male
Miquela,mtyghtlo@archive.org,Male
Zarla,zerdislp@google.com.br,Male
Harmonia,hkohnekelq@narod.ru,Female
Daniela,dpeasegoodlr@upenn.edu,Female
Demetra,dalldenls@hao123.com,Female
Tish,tbrokenshirelt@imgur.com,Male
Monty,meneferlu@sciencedaily.com,Female
Dacie,dthorogoodlv@webeden.co.uk,Male
Daffie,dphebeelw@shop-pro.jp,Female
Ermina,epundylx@mail.ru,Female
Prescott,pchrismasly@usgs.gov,Polygender
Kayley,ktomsonlz@sakura.ne.jp,Female
Dyanna,dspencockm0@harvard.edu,Male
Laural,ldownem1@macromedia.com,Female
Erin,eoloughlinm2@chicagotribune.com,Male
Rozele,radlemm3@aol.com,Female
Adelle,agostallm4@technorati.com,Male
Linn,ldemattiam5@omniture.com,Male
Giovanni,giacopinim6@domainmarket.com,Male
Amelie,aruppelim7@oakley.com,Female
Marco,mtollemachem8@4shared.com,Female
Lou,lrosebym9@springer.com,Genderfluid
Leann,lreinama@opera.com,Male
Basia,bupwoodmb@storify.com,Female
Pooh,pskainmc@cyberchimps.com,Male
Augustine,amongetmd@foxnews.com,Male
Morna,mmesantme@wix.com,Male
Clyde,cagarmf@ezinearticles.com,Genderfluid
Caesar,csabatemg@paginegialle.it,Female
Hadlee,hwaddiemh@eventbrite.com,Genderqueer
Loree,lradnedgemi@gravatar.com,Genderqueer
Karlotta,kbolandmj@squarespace.com,Female
Junia,jgillaspymk@yellowpages.com,Female
Sile,sdedrickml@reverbnation.com,Male
Gerianne,gjanjusevicmm@multiply.com,Polygender
Shayna,srowenmn@ucoz.com,Female
Dmitri,dmccarrollmo@dagondesign.com,Male
Tuck,tridgwellmp@tuttocitta.it,Male
Ella,emurricanesmq@google.com,Female
Ellene,emurrmr@guardian.co.uk,Male
Alys,arennoxms@walmart.com,Male
Leila,lmelpussmt@hud.gov,Female
Filia,fsouthwellmu@cdbaby.com,Female
Melva,mmortmv@tuttocitta.it,Male
Marguerite,mfronksmw@dailymotion.com,Male
Dyann,dstandbrookmx@sphinn.com,Female
Gypsy,gheveymy@tuttocitta.it,Male
Salmon,sglavinmz@seesaa.net,Female
Emily,egalliennen0@unesco.org,Male
Aida,aphillern1@unblog.fr,Non-binary
Mandie,mghelerdinin2@home.pl,Male
Aime,atemlettn3@over-blog.com,Male
Vivie,vbolducn4@gnu.org,Genderqueer
Bryn,bcloneyn5@who.int,Female
Pablo,pantrimn6@addtoany.com,Male
Chico,cedmeadesn7@wordpress.com,Male
Cristie,cbagen8@chronoengine.com,Female
Micky,mdavidin9@home.pl,Male
Hope,hephgravena@house.gov,Polygender
Kirsti,kmulryannb@squarespace.com,Female
Gilligan,gfiddlernc@stanford.edu,Female
Sammy,soleahynd@toplist.cz,Male
Kaspar,klawrinsonne@yahoo.com,Female
Dody,dkrysztowczyknf@gov.uk,Male
Dona,ddunsmuirng@bandcamp.com,Female
Alphonse,apighillsnh@wordpress.com,Female
Brennen,bcausbeyni@unblog.fr,Female
Adamo,acrightennj@unesco.org,Female
Rae,rmoquinnk@reddit.com,Male
Lexine,lgerardotnl@creativecommons.org,Male
Correy,cpymarnm@wikimedia.org,Male
Alica,abeddingnn@accuweather.com,Male
Barbabas,bmaddamsno@yale.edu,Female
Stephanie,sfyersnp@mediafire.com,Male
Arnie,ablakemorenq@arstechnica.com,Female
Estelle,edimitrijevicnr@sogou.com,Male
Flore,fdarreens@wordpress.org,Female
Hedwiga,hworrallnt@theatlantic.com,Female
Barnett,bgemlettnu@e-recht24.de,Male
Lacie,lfishnv@abc.net.au,Male
Aundrea,anailenw@xing.com,Male
Adrienne,awillcotnx@home.pl,Female
Omar,ofredsonny@columbia.edu,Male
Nickie,nlaurenznz@ameblo.jp,Female
Ax,abickello0@scientificamerican.com,Male
Mariska,meccleso1@who.int,Polygender
Lorene,labeleo2@chicagotribune.com,Female
Francklyn,finggallo3@reverbnation.com,Genderqueer
Ermengarde,estollhofero4@angelfire.com,Female
Juli,jskeatho5@nationalgeographic.com,Male
Gustavo,gtookeo6@4shared.com,Genderqueer
Afton,agisleberto7@aol.com,Female
Wyatan,wmebeso8@ebay.co.uk,Female
Raeann,rjepsono9@rambler.ru,Male
Violet,vroneyoa@wufoo.com,Male
Glynda,glowseleyob@reference.com,Female
Burch,bpurvessoc@artisteer.com,Male
Erina,estolzod@nih.gov,Male
Renault,rphalipoe@ca.gov,Male
Ariel,aspadolliniof@toplist.cz,Female
Hildagard,hhuotog@fastcompany.com,Female
Lenee,lnancarrowoh@biblegateway.com,Male
Hayes,hkettlesoi@instagram.com,Male
Guthry,gglassonoj@dailymail.co.uk,Male
Noak,njurkowskiok@phpbb.com,Male
Saxon,sbosomworthol@cdc.gov,Female
Duffie,dpenfoldom@dion.ne.jp,Female
Park,pmcpeakeon@ibm.com,Male
Gallard,gobeeoo@blinklist.com,Female
Marlow,mgillebertop@ox.ac.uk,Male
Tiphany,tbedinnoq@liveinternet.ru,Male
Brandi,bcoopeyor@blinklist.com,Female
Purcell,pbrigstockos@kickstarter.com,Male
Honoria,hgostallot@dell.com,Male
Chad,cbeniniou@surveymonkey.com,Male
Kara-lynn,kjocicov@bloglovin.com,Male
Don,dbinksow@pcworld.com,Female
Dorice,dsimanenkoox@wunderground.com,Male
Goldarina,gjoannidioy@technorati.com,Female
D'arcy,dgeckoz@reddit.com,Male
Marchelle,mpikettp0@skyrock.com,Male
Royal,rcordreyp1@webeden.co.uk,Female
Brooke,broyansp2@weebly.com,Female
Rollie,rpashlerp3@sfgate.com,Female
Clarie,cvillagep4@sohu.com,Genderfluid
Shara,soglethorpep5@aol.com,Female
Cyrille,ckeightleyp6@amazon.de,Male
Tiffi,tjurcap7@about.com,Male
Shurlocke,stempletonp8@chron.com,Female
Elspeth,ewashbrookp9@nasa.gov,Female
Horace,hearlespa@auda.org.au,Female
Charmian,cfrankiewiczpb@canalblog.com,Male
Agna,acawpc@goo.gl,Male
Yorgos,yproctorpd@forbes.com,Male
Frankie,fcheakepe@cbsnews.com,Genderqueer
Niles,nmaragapf@un.org,Female
Olenolin,oleeburnepg@oracle.com,Male
Hamel,hrowbothamph@usnews.com,Male
Conroy,ccalenderpi@psu.edu,Male
Katey,kebbinspj@surveymonkey.com,Male
Etta,eashtonpk@washington.edu,Female
Irita,igallierpl@smh.com.au,Male
Den,dsturmeypm@princeton.edu,Bigender
Hersh,hshepheardpn@amazonaws.com,Male
Hadleigh,hstrangwoodpo@usnews.com,Female
Rowen,rcromiepp@tumblr.com,Male
Sadie,sbeharrellpq@yahoo.co.jp,Female
Virgilio,vmardlepr@vinaora.com,Male
Winnah,wgodingps@bloglovin.com,Female
Ardine,acardept@multiply.com,Female
Denna,dfogartypu@yellowbook.com,Male
Camille,cchidwickpv@hao123.com,Male
Grange,gkidstonpw@ustream.tv,Male
Colin,cheddenpx@cbslocal.com,Female
Royal,rminerdopy@furl.net,Female
Fey,fellenspz@elpais.com,Female
Korey,kderingtonq0@mtv.com,Male
Aubrey,agaskoinq1@netscape.com,Genderqueer
Dugald,divanyukovq2@phpbb.com,Female
Munmro,mfilipczynskiq3@cloudflare.com,Male
Anitra,awimesq4@forbes.com,Female
Dionisio,dricksonq5@apple.com,Polygender
Abba,aabbetq6@t.co,Male
Stacy,sgooderridgeq7@tinyurl.com,Female
Veronica,vbeardsellq8@mozilla.com,Male
Gerik,gsummersideq9@mit.edu,Male
Bennie,bbrownettqa@networksolutions.com,Male
Hilarius,htampenqb@issuu.com,Male
Gasparo,gwainqc@themeforest.net,Female
Tobe,tdeblasioqd@imdb.com,Non-binary
Willow,wvalanceqe@t-online.de,Female
Charity,cmilwardqf@bluehost.com,Female
Tobe,tslatorqg@miibeian.gov.cn,Male
Sollie,sstefanovicqh@ow.ly,Polygender
Claudie,cgartenfeldqi@creativecommons.org,Male
Mallissa,mfollandqj@surveymonkey.com,Female
Moira,mgrabbqk@dailymail.co.uk,Female
Cleve,cmccartql@csmonitor.com,Female
Sheelagh,sjedrachowiczqm@harvard.edu,Female
Caroline,cgladdinqn@sitemeter.com,Female
Kyla,kvasilmanovqo@amazon.de,Male
Gabbie,gbabinqp@mozilla.com,Male
Davine,dgledhallqq@blogtalkradio.com,Male
Ernie,etschurschqr@newyorker.com,Male
Ernest,edrewqs@cnet.com,Female
Beauregard,bmattiatoqt@chronoengine.com,Female
Rennie,rmuslaqu@rambler.ru,Male
Beverlee,bfryerqv@wired.com,Female
Buffy,bharefootqw@ucsd.edu,Male
Tanhya,tickeringillqx@creativecommons.org,Male
Francine,fskaeqy@usda.gov,Male
Royce,rilyasovqz@lulu.com,Male
Netti,nollerhadr0@google.fr,Male
Millicent,mengar1@paginegialle.it,Female
Kirstin,khorseyr2@multiply.com,Female
Tripp,tharsantr3@t-online.de,Male
Aloysia,arassellr4@last.fm,Female
Edwin,eblackboror5@foxnews.com,Female
Chan,cmatterseyr6@liveinternet.ru,Female
Sissie,sbosquetr7@de.vu,Male
Kimbell,kleeburner8@theguardian.com,Male
Amandy,arossboroughr9@google.pl,Male
Dianne,dmoraisra@pen.io,Male
Godfry,gmakerrb@symantec.com,Male
Penny,pjessardrc@loc.gov,Male
Willow,wbaberrd@sfgate.com,Male
Emelyne,ewinhamre@bluehost.com,Male
Benji,bsalisburyrf@gnu.org,Female
Torey,tcrossgroverg@wp.com,Female
Rodi,rberrowrh@linkedin.com,Polygender
Josepha,jthomkeri@abc.net.au,Male
Katheryn,kmalekrj@netscape.com,Female
Emmott,easipenkork@biblegateway.com,Genderqueer
Tannie,tgriffenrl@gov.uk,Male
Ginger,gtrewettrm@de.vu,Male
Ceil,clinnern@examiner.com,Female
Helen,hpassero@adobe.com,Male
Garrek,gbuttrissrp@ucoz.com,Female
Rosetta,rsansumrq@so-net.ne.jp,Female
Ashlie,apierpointrr@slashdot.org,Male
